product_id,category,region,price_tier,recipients,scenes,styles,symbolism,customization_types,portability,international_relevance,data_quality_level
prod_demo_001,lacquer,中国（馆藏文化参考）,business,"[""business_partner"",""institution""]","[""business_gift"",""commemoration""]","[""traditional"",""grand"",""elegant""]","[""heritage"",""prosperity""]","[""inscription"", ""logo"", ""packaging""]",demo_assumption,demo_assumption,C
prod_demo_002,lacquer,中国（馆藏文化参考）,mid,"[""elder"",""business_partner""]","[""birthday"",""business_gift""]","[""traditional"",""elegant""]","[""blessing"",""longevity"",""harmony""]","[""inscription"", ""packaging""]",demo_assumption,demo_assumption,C
prod_demo_003,lacquer,中国（馆藏文化参考）,mid,"[""friend"",""business_partner""]","[""business_gift"",""housewarming""]","[""modern"",""minimal""]","[""resilience"",""blessing""]","[""inscription"", ""logo"", ""packaging""]",demo_assumption,demo_assumption,C
prod_demo_004,lacquer,中国（馆藏文化参考）,mid,"[""newlywed"",""family""]","[""wedding"",""anniversary""]","[""traditional"",""festive"",""elegant""]","[""harmony"",""blessing"",""union""]","[""pattern"", ""packaging""]",demo_assumption,demo_assumption,C
prod_demo_005,lacquer,中国（馆藏文化参考）,mid,"[""family"",""friend""]","[""housewarming"",""festival""]","[""traditional"",""warm"",""elegant""]","[""blessing"",""harmony"",""prosperity""]","[""inscription"", ""packaging""]",demo_assumption,demo_assumption,C
prod_demo_006,ceramics,中国（馆藏文化参考）,entry,"[""employee"",""teacher"",""business_partner""]","[""business_gift"",""graduation"",""appreciation""]","[""modern"",""minimal""]","[""heritage"",""gratitude""]","[""inscription"", ""logo"", ""packaging"", ""color""]",demo_assumption,demo_assumption,C
prod_demo_007,ceramics,中国（馆藏文化参考）,business,"[""collector"",""institution""]","[""collection"",""exhibition""]","[""traditional"",""grand""]","[""heritage"",""remembrance""]",[],demo_assumption,demo_assumption,C
prod_demo_008,ceramics,中国（馆藏文化参考）,business,"[""institution"",""business_partner""]","[""commemoration"",""business_gift""]","[""modern"",""elegant""]","[""remembrance"",""heritage"",""gratitude""]","[""inscription"", ""logo"", ""packaging""]",demo_assumption,demo_assumption,C
prod_demo_009,ceramics,中国（馆藏文化参考）,business,"[""institution"",""collector""]","[""commemoration"",""collection""]","[""traditional"",""grand"",""elegant""]","[""heritage"",""remembrance""]","[""inscription"", ""packaging""]",demo_assumption,demo_assumption,C
prod_demo_010,ceramics,中国（馆藏文化参考）,mid,"[""family"",""friend"",""newlywed""]","[""housewarming"",""wedding"",""festival""]","[""traditional"",""elegant"",""warm""]","[""harmony"",""blessing"",""union""]","[""inscription"", ""pattern"", ""packaging""]",demo_assumption,demo_assumption,C
prod_demo_011,textile,中国（馆藏文化参考）,business,"[""collector"",""institution""]","[""exhibition"",""collection""]","[""traditional"",""grand""]","[""heritage"",""remembrance""]",[],demo_assumption,demo_assumption,C
prod_demo_012,textile,中国（馆藏文化参考）,mid,"[""employee"",""friend"",""business_partner""]","[""appreciation"",""business_gift""]","[""modern"",""elegant""]","[""gratitude"",""heritage""]","[""inscription"", ""logo"", ""pattern"", ""packaging""]",demo_assumption,demo_assumption,C
prod_demo_013,textile,中国（馆藏文化参考）,business,"[""elder"",""institution"",""collector""]","[""birthday"",""collection"",""commemoration""]","[""traditional"",""grand""]","[""longevity"",""blessing"",""heritage""]",[],demo_assumption,demo_assumption,C
prod_demo_014,textile,中国（馆藏文化参考）,mid,"[""elder"",""business_partner""]","[""birthday"",""business_gift""]","[""festive"",""elegant""]","[""longevity"",""blessing""]","[""inscription"", ""logo"", ""pattern"", ""packaging""]",demo_assumption,demo_assumption,C
prod_demo_015,textile,中国（馆藏文化参考）,mid,"[""newlywed"",""friend""]","[""wedding"",""anniversary""]","[""elegant"",""warm""]","[""union"",""harmony""]","[""inscription"", ""logo"", ""pattern"", ""packaging""]",demo_assumption,demo_assumption,C
prod_demo_016,jade,中国（馆藏文化参考）,business,"[""business_partner"",""friend"",""collector""]","[""business_gift"",""commemoration"",""collection""]","[""traditional"",""elegant""]","[""prosperity"",""heritage""]","[""inscription"", ""logo"", ""packaging""]",demo_assumption,demo_assumption,C
prod_demo_017,jade,中国（馆藏文化参考）,high,"[""family"",""institution"",""collector""]","[""festival"",""collection""]","[""traditional"",""grand""]","[""heritage"",""prosperity""]",[],demo_assumption,demo_assumption,C
prod_demo_018,jade,中国（馆藏文化参考）,mid,"[""elder"",""friend""]","[""birthday"",""festival""]","[""elegant"",""minimal""]","[""harmony"",""blessing""]","[""inscription"", ""packaging""]",demo_assumption,demo_assumption,C
prod_demo_019,jade,中国（馆藏文化参考）,business,"[""collector"",""institution""]","[""collection"",""exhibition""]","[""traditional"",""grand""]","[""heritage"",""remembrance""]",[],demo_assumption,demo_assumption,C
prod_demo_020,jade,中国（馆藏文化参考）,business,"[""family"",""business_partner"",""collector""]","[""housewarming"",""business_gift"",""collection""]","[""warm"",""traditional""]","[""prosperity"",""blessing""]","[""inscription"", ""logo"", ""packaging""]",demo_assumption,demo_assumption,C
prod_ref_001,fan,中国（全国性文化语境）,entry,"[""friend"", ""teacher"", ""overseas_partner""]","[""academic_visit"", ""conference_gift"", ""festival""]","[""elegant"", ""literati"", ""portable""]","[""friendship"", ""wisdom"", ""landscape""]",[],unknown,unknown,C
prod_ref_002,fan,中国（全国性文化语境）,mid,"[""friend"", ""teacher"", ""overseas_partner""]","[""academic_visit"", ""conference_gift"", ""festival""]","[""elegant"", ""literati"", ""portable""]","[""friendship"", ""wisdom"", ""landscape""]",[],unknown,unknown,C
prod_ref_003,fan,中国（全国性文化语境）,business,"[""friend"", ""teacher"", ""overseas_partner""]","[""academic_visit"", ""conference_gift"", ""festival""]","[""elegant"", ""literati"", ""portable""]","[""friendship"", ""wisdom"", ""landscape""]",[],unknown,unknown,C
prod_ref_004,fan,中国（全国性文化语境）,high,"[""friend"", ""teacher"", ""overseas_partner""]","[""academic_visit"", ""conference_gift"", ""festival""]","[""elegant"", ""literati"", ""portable""]","[""friendship"", ""wisdom"", ""landscape""]",[],unknown,unknown,C
prod_ref_005,fan,中国（全国性文化语境）,collector,"[""friend"", ""teacher"", ""overseas_partner""]","[""academic_visit"", ""conference_gift"", ""festival""]","[""elegant"", ""literati"", ""portable""]","[""friendship"", ""wisdom"", ""landscape""]",[],unknown,unknown,C
prod_ref_006,seal,浙江（印章艺术文化语境）,entry,"[""collector"", ""teacher"", ""institution""]","[""collection"", ""honor_commemoration"", ""academic_visit""]","[""traditional"", ""literati"", ""collectible""]","[""heritage"", ""wisdom"", ""remembrance""]",[],unknown,unknown,C
prod_ref_007,seal,浙江（印章艺术文化语境）,mid,"[""collector"", ""teacher"", ""institution""]","[""collection"", ""honor_commemoration"", ""academic_visit""]","[""traditional"", ""literati"", ""collectible""]","[""heritage"", ""wisdom"", ""remembrance""]",[],unknown,unknown,C
prod_ref_008,seal,浙江（印章艺术文化语境）,business,"[""collector"", ""teacher"", ""institution""]","[""collection"", ""honor_commemoration"", ""academic_visit""]","[""traditional"", ""literati"", ""collectible""]","[""heritage"", ""wisdom"", ""remembrance""]",[],unknown,unknown,C
prod_ref_009,seal,浙江（印章艺术文化语境）,high,"[""collector"", ""teacher"", ""institution""]","[""collection"", ""honor_commemoration"", ""academic_visit""]","[""traditional"", ""literati"", ""collectible""]","[""heritage"", ""wisdom"", ""remembrance""]",[],unknown,unknown,C
prod_ref_010,seal,浙江（印章艺术文化语境）,collector,"[""collector"", ""teacher"", ""institution""]","[""collection"", ""honor_commemoration"", ""academic_visit""]","[""traditional"", ""literati"", ""collectible""]","[""heritage"", ""wisdom"", ""remembrance""]",[],unknown,unknown,C
prod_ref_011,bamboo,中国（馆藏记录未细分）,entry,"[""teacher"", ""business_partner"", ""institution""]","[""business_gift"", ""academic_visit"", ""home_display""]","[""natural"", ""literati"", ""traditional""]","[""resilience"", ""wisdom"", ""career""]",[],unknown,unknown,C
prod_ref_012,bamboo,中国（馆藏记录未细分）,mid,"[""teacher"", ""business_partner"", ""institution""]","[""business_gift"", ""academic_visit"", ""home_display""]","[""natural"", ""literati"", ""traditional""]","[""resilience"", ""wisdom"", ""career""]",[],unknown,unknown,C
prod_ref_013,bamboo,中国（馆藏记录未细分）,business,"[""teacher"", ""business_partner"", ""institution""]","[""business_gift"", ""academic_visit"", ""home_display""]","[""natural"", ""literati"", ""traditional""]","[""resilience"", ""wisdom"", ""career""]",[],unknown,unknown,C
prod_ref_014,bamboo,中国（馆藏记录未细分）,high,"[""teacher"", ""business_partner"", ""institution""]","[""business_gift"", ""academic_visit"", ""home_display""]","[""natural"", ""literati"", ""traditional""]","[""resilience"", ""wisdom"", ""career""]",[],unknown,unknown,C
prod_ref_015,bamboo,中国（馆藏记录未细分）,collector,"[""teacher"", ""business_partner"", ""institution""]","[""business_gift"", ""academic_visit"", ""home_display""]","[""natural"", ""literati"", ""traditional""]","[""resilience"", ""wisdom"", ""career""]",[],unknown,unknown,C
prod_ref_016,tea,福建（茶文化语境，非器物产地声明）,entry,"[""elder"", ""overseas_partner"", ""business_partner""]","[""business_gift"", ""foreign_exchange"", ""housewarming""]","[""elegant"", ""natural"", ""modern_chinese""]","[""harmony"", ""friendship"", ""blessing""]",[],unknown,unknown,C
prod_ref_017,tea,浙江（茶文化语境，非器物产地声明）,mid,"[""elder"", ""overseas_partner"", ""business_partner""]","[""business_gift"", ""foreign_exchange"", ""housewarming""]","[""elegant"", ""natural"", ""modern_chinese""]","[""harmony"", ""friendship"", ""blessing""]",[],unknown,unknown,C
prod_ref_018,tea,广西（茶文化语境，非器物产地声明）,business,"[""elder"", ""overseas_partner"", ""business_partner""]","[""business_gift"", ""foreign_exchange"", ""housewarming""]","[""elegant"", ""natural"", ""modern_chinese""]","[""harmony"", ""friendship"", ""blessing""]",[],unknown,unknown,C
prod_ref_019,tea,云南（茶文化语境，非器物产地声明）,high,"[""elder"", ""overseas_partner"", ""business_partner""]","[""business_gift"", ""foreign_exchange"", ""housewarming""]","[""elegant"", ""natural"", ""modern_chinese""]","[""harmony"", ""friendship"", ""blessing""]",[],unknown,unknown,C
prod_ref_020,tea,四川（茶文化语境，非器物产地声明）,collector,"[""elder"", ""overseas_partner"", ""business_partner""]","[""business_gift"", ""foreign_exchange"", ""housewarming""]","[""elegant"", ""natural"", ""modern_chinese""]","[""harmony"", ""friendship"", ""blessing""]",[],unknown,unknown,C
prod_ref_021,woodblock,中国（雕版印刷文化语境）,entry,"[""overseas_partner"", ""teacher"", ""institution""]","[""foreign_exchange"", ""conference_gift"", ""collection""]","[""regional"", ""literati"", ""collectible""]","[""heritage"", ""wisdom"", ""home_culture""]",[],unknown,unknown,C
prod_ref_022,woodblock,中国（雕版印刷文化语境）,mid,"[""overseas_partner"", ""teacher"", ""institution""]","[""foreign_exchange"", ""conference_gift"", ""collection""]","[""regional"", ""literati"", ""collectible""]","[""heritage"", ""wisdom"", ""home_culture""]",[],unknown,unknown,C
prod_ref_023,woodblock,中国（雕版印刷文化语境）,business,"[""overseas_partner"", ""teacher"", ""institution""]","[""foreign_exchange"", ""conference_gift"", ""collection""]","[""regional"", ""literati"", ""collectible""]","[""heritage"", ""wisdom"", ""home_culture""]",[],unknown,unknown,C
prod_ref_024,woodblock,中国（雕版印刷文化语境）,high,"[""overseas_partner"", ""teacher"", ""institution""]","[""foreign_exchange"", ""conference_gift"", ""collection""]","[""regional"", ""literati"", ""collectible""]","[""heritage"", ""wisdom"", ""home_culture""]",[],unknown,unknown,C
prod_ref_025,woodblock,中国（雕版印刷文化语境）,collector,"[""overseas_partner"", ""teacher"", ""institution""]","[""foreign_exchange"", ""conference_gift"", ""collection""]","[""regional"", ""literati"", ""collectible""]","[""heritage"", ""wisdom"", ""home_culture""]",[],unknown,unknown,C
prod_ref_026,calligraphy,中国（书法文化语境）,entry,"[""teacher"", ""institution"", ""collector""]","[""academic_visit"", ""honor_commemoration"", ""collection""]","[""literati"", ""elegant"", ""collectible""]","[""wisdom"", ""heritage"", ""career""]",[],unknown,unknown,C
prod_ref_027,calligraphy,中国（书法文化语境）,mid,"[""teacher"", ""institution"", ""collector""]","[""academic_visit"", ""honor_commemoration"", ""collection""]","[""literati"", ""elegant"", ""collectible""]","[""wisdom"", ""heritage"", ""career""]",[],unknown,unknown,C
prod_ref_028,calligraphy,中国（书法文化语境）,business,"[""teacher"", ""institution"", ""collector""]","[""academic_visit"", ""honor_commemoration"", ""collection""]","[""literati"", ""elegant"", ""collectible""]","[""wisdom"", ""heritage"", ""career""]",[],unknown,unknown,C
prod_ref_029,calligraphy,中国（书法文化语境）,high,"[""teacher"", ""institution"", ""collector""]","[""academic_visit"", ""honor_commemoration"", ""collection""]","[""literati"", ""elegant"", ""collectible""]","[""wisdom"", ""heritage"", ""career""]",[],unknown,unknown,C
prod_ref_030,calligraphy,中国（书法文化语境）,collector,"[""teacher"", ""institution"", ""collector""]","[""academic_visit"", ""honor_commemoration"", ""collection""]","[""literati"", ""elegant"", ""collectible""]","[""wisdom"", ""heritage"", ""career""]",[],unknown,unknown,C
prod_wuhu_iron_guo_dashi,iron_painting,中国安徽芜湖,mid,"[""business_partner"",""institution"",""collector""]","[""business_gift"",""commemoration"",""exhibition""]","[""traditional"",""grand"",""elegant""]","[""heritage"",""resilience""]","[""size"", ""packaging""]",demo_assumption,demo_assumption,C
prod_wuhu_iron_flower_butterfly,iron_painting,中国安徽芜湖,business,"[""business_partner"",""institution"",""collector""]","[""business_gift"",""commemoration"",""exhibition""]","[""traditional"",""elegant"",""grand""]","[""heritage"",""harmony""]",[],demo_assumption,demo_assumption,C
prod_wuhu_iron_bamboo_screen,iron_painting,中国安徽芜湖,business,"[""business_partner"",""institution"",""collector""]","[""business_gift"",""commemoration"",""exhibition""]","[""traditional"",""elegant"",""minimal""]","[""heritage"",""resilience""]",[],demo_assumption,demo_assumption,C
prod_wuhu_iron_four_seasons,iron_painting,中国安徽芜湖,collector,"[""institution"",""collector""]","[""exhibition"",""commemoration""]","[""traditional"",""grand"",""elegant""]","[""heritage"",""harmony""]",[],demo_assumption,demo_assumption,C
