product_id,locale,craft_summary,cultural_story,meaning_summary,source_note,review_status,reviewed_at,is_demo
prod_demo_001,zh-CN,本方案以漆艺层次与纹样为设计重点，参考图馆藏记录的材质为Carved red and black lacquer。实际制作材质、颜色与细节需在询单阶段确认。,大都会艺术博物馆将此件藏品定名为雕漆卷草纹盒，资料记录为十三世纪晚期至十四世纪的中国红黑雕漆器。该馆藏原作用于呈现传统雕漆的层次与纹样，并作为对应礼赠方案的图像与工艺参考。飞颐礼遇据此整理为可用于礼赠沟通的“馆藏灵感·雕漆卷草纹盒”方案。,推荐表达：文化传承、兴盛祝愿。适合的对象、场景与定制方式以当前商品标签和客户需求为准。,图片与历史参考来源：https://www.metmuseum.org/art/collection/search/39646；图片许可：CC0 1.0 / Public Domain。礼赠方案由飞颐礼遇整理。,draft,,true
prod_demo_001,en,"This concept focuses on layered lacquer form and ornament. The reference image is catalogued with the material description “Carved red and black lacquer”. Final production materials, colour, and details require confirmation.",The Met records this Chinese carved red-and-black lacquer box as dating to the late thirteenth or fourteenth century. The museum object serves as an image and craft reference for the corresponding gifting concept. HeritageLink AI translates the reference into the “Heritage-Inspired Box with pommel scroll” gifting concept.,"Suggested meanings: cultural continuity, prosperity. Recipient, occasion, and customization fit are determined from the configured product tags and the customer's confirmed request.",Image and historical reference: https://www.metmuseum.org/art/collection/search/39646; image license: CC0 1.0 / Public Domain. The gifting concept was prepared by Feiyi Liyu (HeritageLink AI).,draft,,true
prod_demo_002,zh-CN,本方案以漆艺层次与纹样为设计重点，参考图馆藏记录的材质为Carved lacquer。实际制作材质、颜色与细节需在询单阶段确认。,这件十四世纪中国香盒由多层漆雕刻而成，馆藏资料将其作为剔犀类雕漆实例。本目录仅展示其工艺语言与小型器物形制。 飞颐礼遇据此整理为可用于礼赠沟通的“馆藏灵感·剔犀香盒”方案。,推荐表达：美好祝福、长久安康、和谐。适合的对象、场景与定制方式以当前商品标签和客户需求为准。,图片与历史参考来源：https://www.metmuseum.org/art/collection/search/57780；图片许可：CC0 1.0 / Public Domain。礼赠方案由飞颐礼遇整理。,draft,,true
prod_demo_002,en,"This concept focuses on layered lacquer form and ornament. The reference image is catalogued with the material description “Carved lacquer”. Final production materials, colour, and details require confirmation.",This fourteenth-century Chinese incense box is recorded as carved lacquer and exemplifies the layered tixi carving tradition. The catalogue uses it only as a craft and form reference. HeritageLink AI translates the reference into the “Heritage-Inspired Incense Box” gifting concept.,"Suggested meanings: good wishes, longevity, harmony. Recipient, occasion, and customization fit are determined from the configured product tags and the customer's confirmed request.",Image and historical reference: https://www.metmuseum.org/art/collection/search/57780; image license: CC0 1.0 / Public Domain. The gifting concept was prepared by Feiyi Liyu (HeritageLink AI).,draft,,true
prod_demo_003,zh-CN,本方案以漆艺层次与纹样为设计重点，参考图馆藏记录的材质为Carved red and green lacquer。实际制作材质、颜色与细节需在询单阶段确认。,馆藏记录显示，这件十四世纪中国盒以红绿雕漆制作并饰山茶花纹。本目录用它说明传统雕漆中花卉纹样与圆盒形制的结合。 飞颐礼遇据此整理为可用于礼赠沟通的“馆藏灵感·雕漆山茶花纹盒”方案。,推荐表达：坚韧、美好祝福。适合的对象、场景与定制方式以当前商品标签和客户需求为准。,图片与历史参考来源：https://www.metmuseum.org/art/collection/search/60910；图片许可：CC0 1.0 / Public Domain。礼赠方案由飞颐礼遇整理。,draft,,true
prod_demo_003,en,"This concept focuses on layered lacquer form and ornament. The reference image is catalogued with the material description “Carved red and green lacquer”. Final production materials, colour, and details require confirmation.",The museum records this fourteenth-century Chinese box as carved red and green lacquer with a camellia motif. It is included to show the meeting of floral ornament and circular box design. HeritageLink AI translates the reference into the “Heritage-Inspired Box with camellia” gifting concept.,"Suggested meanings: resilience, good wishes. Recipient, occasion, and customization fit are determined from the configured product tags and the customer's confirmed request.",Image and historical reference: https://www.metmuseum.org/art/collection/search/60910; image license: CC0 1.0 / Public Domain. The gifting concept was prepared by Feiyi Liyu (HeritageLink AI).,draft,,true
prod_demo_004,zh-CN,本方案以漆艺层次与纹样为设计重点，参考图馆藏记录的材质为Black lacquer painted with lacquer and oil-based pigments; basketry panels。实际制作材质、颜色与细节需在询单阶段确认。,这件十六世纪晚期至十七世纪早期的中国盒结合黑漆彩绘与编织面板，并饰栀子、梅花和雀鸟。本目录用它展示髹漆与编织结合的复合工艺。 飞颐礼遇据此整理为可用于礼赠沟通的“馆藏灵感·漆绘花鸟提篮盒”方案。,推荐表达：和谐、美好祝福、良缘相合。适合的对象、场景与定制方式以当前商品标签和客户需求为准。,图片与历史参考来源：https://www.metmuseum.org/art/collection/search/40266；图片许可：CC0 1.0 / Public Domain。礼赠方案由飞颐礼遇整理。,draft,,true
prod_demo_004,en,"This concept focuses on layered lacquer form and ornament. The reference image is catalogued with the material description “Black lacquer painted with lacquer and oil-based pigments; basketry panels”. Final production materials, colour, and details require confirmation.",This late-sixteenth- to early-seventeenth-century Chinese box combines painted black lacquer with basketry panels and floral-and-bird imagery. It is a reference for mixed lacquer and weaving techniques. HeritageLink AI translates the reference into the “Heritage-Inspired Box with gardenia plum blossoms and finches” gifting concept.,"Suggested meanings: harmony, good wishes, union. Recipient, occasion, and customization fit are determined from the configured product tags and the customer's confirmed request.",Image and historical reference: https://www.metmuseum.org/art/collection/search/40266; image license: CC0 1.0 / Public Domain. The gifting concept was prepared by Feiyi Liyu (HeritageLink AI).,draft,,true
prod_demo_005,zh-CN,本方案以漆艺层次与纹样为设计重点，参考图馆藏记录的材质为Carved red lacquer。实际制作材质、颜色与细节需在询单阶段确认。,这件十四世纪中国大盘采用红色雕漆，并以庭院人物场景为主题。本目录用它呈现雕漆在较大器面上的叙事构图能力。 飞颐礼遇据此整理为可用于礼赠沟通的“馆藏灵感·雕漆庭院人物盘”方案。,推荐表达：美好祝福、和谐、兴盛祝愿。适合的对象、场景与定制方式以当前商品标签和客户需求为准。,图片与历史参考来源：https://www.metmuseum.org/art/collection/search/40215；图片许可：CC0 1.0 / Public Domain。礼赠方案由飞颐礼遇整理。,draft,,true
prod_demo_005,en,"This concept focuses on layered lacquer form and ornament. The reference image is catalogued with the material description “Carved red lacquer”. Final production materials, colour, and details require confirmation.",This fourteenth-century Chinese tray is carved in red lacquer with a garden scene of women and boys. It is presented as a reference for narrative composition across a large lacquer surface. HeritageLink AI translates the reference into the “Heritage-Inspired Tray with women and boys on a garden terrace” gifting concept.,"Suggested meanings: good wishes, harmony, prosperity. Recipient, occasion, and customization fit are determined from the configured product tags and the customer's confirmed request.",Image and historical reference: https://www.metmuseum.org/art/collection/search/40215; image license: CC0 1.0 / Public Domain. The gifting concept was prepared by Feiyi Liyu (HeritageLink AI).,draft,,true
prod_demo_006,zh-CN,本方案以青釉色与器形为设计重点，参考图馆藏记录的材质为Porcelain with incised decoration under celadon glaze。实际制作材质、颜色与细节需在询单阶段确认。,这件十五世纪中国龙泉窑大盘以瓷胎、青釉和刻划莲纹构成。它用于展示龙泉青瓷的釉色、刻花与大型盘式器形。 飞颐礼遇据此整理为可用于礼赠沟通的“馆藏灵感·龙泉青瓷莲纹大盘”方案。,推荐表达：文化传承、感谢。适合的对象、场景与定制方式以当前商品标签和客户需求为准。,图片与历史参考来源：https://www.metmuseum.org/art/collection/search/50716；图片许可：CC0 1.0 / Public Domain。礼赠方案由飞颐礼遇整理。,draft,,true
prod_demo_006,en,"This concept focuses on celadon glaze and vessel form. The reference image is catalogued with the material description “Porcelain with incised decoration under celadon glaze”. Final production materials, colour, and details require confirmation.","This fifteenth-century Longquan plate combines porcelain, celadon glaze, and incised lotus decoration. It is included as a reference for glaze colour, carving, and large dish forms. HeritageLink AI translates the reference into the “Heritage-Inspired Plate with Lotus” gifting concept.","Suggested meanings: cultural continuity, gratitude. Recipient, occasion, and customization fit are determined from the configured product tags and the customer's confirmed request.",Image and historical reference: https://www.metmuseum.org/art/collection/search/50716; image license: CC0 1.0 / Public Domain. The gifting concept was prepared by Feiyi Liyu (HeritageLink AI).,draft,,true
prod_demo_007,zh-CN,本方案以青釉色与器形为设计重点，参考图馆藏记录的材质为Stoneware with incised decoration under a celadon glaze。实际制作材质、颜色与细节需在询单阶段确认。,这件十三至十四世纪的龙泉青瓷笔洗采用炻器胎、青釉与刻划莲纹。目录以其展示文房器物与龙泉釉色的结合。 飞颐礼遇据此整理为可用于礼赠沟通的“馆藏灵感·龙泉青瓷莲纹笔洗”方案。,推荐表达：文化传承、纪念。适合的对象、场景与定制方式以当前商品标签和客户需求为准。,图片与历史参考来源：https://www.metmuseum.org/art/collection/search/52074；图片许可：CC0 1.0 / Public Domain。礼赠方案由飞颐礼遇整理。,draft,,true
prod_demo_007,en,"This concept focuses on celadon glaze and vessel form. The reference image is catalogued with the material description “Stoneware with incised decoration under a celadon glaze”. Final production materials, colour, and details require confirmation.",This thirteenth- to fourteenth-century Longquan brush washer is stoneware with incised lotus decoration beneath a celadon glaze. It represents the connection between scholarly objects and celadon craft. HeritageLink AI translates the reference into the “Heritage-Inspired Brush washer with lotus” gifting concept.,"Suggested meanings: cultural continuity, remembrance. Recipient, occasion, and customization fit are determined from the configured product tags and the customer's confirmed request.",Image and historical reference: https://www.metmuseum.org/art/collection/search/52074; image license: CC0 1.0 / Public Domain. The gifting concept was prepared by Feiyi Liyu (HeritageLink AI).,draft,,true
prod_demo_008,zh-CN,本方案以青釉色与器形为设计重点，参考图馆藏记录的材质为Stoneware with celadon glaze and gold lacquer repairs。实际制作材质、颜色与细节需在询单阶段确认。,这件十三世纪龙泉青瓷茶碗以炻器胎施青釉，并留有金漆修补记录。目录保留这一信息，用于呈现器物的釉色与流传痕迹。 飞颐礼遇据此整理为可用于礼赠沟通的“馆藏灵感·龙泉青瓷茶碗”方案。,推荐表达：纪念、文化传承、感谢。适合的对象、场景与定制方式以当前商品标签和客户需求为准。,图片与历史参考来源：https://www.metmuseum.org/art/collection/search/48373；图片许可：CC0 1.0 / Public Domain。礼赠方案由飞颐礼遇整理。,draft,,true
prod_demo_008,en,"This concept focuses on celadon glaze and vessel form. The reference image is catalogued with the material description “Stoneware with celadon glaze and gold lacquer repairs”. Final production materials, colour, and details require confirmation.",This thirteenth-century Longquan tea bowl is stoneware with celadon glaze and recorded gold-lacquer repairs. The catalogue retains that detail as part of the object's material history. HeritageLink AI translates the reference into the “Heritage-Inspired Tea bowl” gifting concept.,"Suggested meanings: remembrance, cultural continuity, gratitude. Recipient, occasion, and customization fit are determined from the configured product tags and the customer's confirmed request.",Image and historical reference: https://www.metmuseum.org/art/collection/search/48373; image license: CC0 1.0 / Public Domain. The gifting concept was prepared by Feiyi Liyu (HeritageLink AI).,draft,,true
prod_demo_009,zh-CN,本方案以青釉色与器形为设计重点，参考图馆藏记录的材质为Stoneware with celadon glaze。实际制作材质、颜色与细节需在询单阶段确认。,这件十三世纪龙泉青瓷瓶以新石器时代玉琮形制为灵感，采用炻器胎施青釉。它用于展示传统器形在陶瓷中的转化。 飞颐礼遇据此整理为可用于礼赠沟通的“馆藏灵感·龙泉青瓷琮式瓶”方案。,推荐表达：文化传承、纪念。适合的对象、场景与定制方式以当前商品标签和客户需求为准。,图片与历史参考来源：https://www.metmuseum.org/art/collection/search/73676；图片许可：CC0 1.0 / Public Domain。礼赠方案由飞颐礼遇整理。,draft,,true
prod_demo_009,en,"This concept focuses on celadon glaze and vessel form. The reference image is catalogued with the material description “Stoneware with celadon glaze”. Final production materials, colour, and details require confirmation.",This thirteenth-century Longquan celadon vase adapts the shape of a Neolithic cong in glazed stoneware. It is included as a reference for translating an earlier ritual form into ceramics. HeritageLink AI translates the reference into the “Heritage-Inspired Quadrangular vase in the shape of a Neolithic cong” gifting concept.,"Suggested meanings: cultural continuity, remembrance. Recipient, occasion, and customization fit are determined from the configured product tags and the customer's confirmed request.",Image and historical reference: https://www.metmuseum.org/art/collection/search/73676; image license: CC0 1.0 / Public Domain. The gifting concept was prepared by Feiyi Liyu (HeritageLink AI).,draft,,true
prod_demo_010,zh-CN,本方案以青釉色与器形为设计重点，参考图馆藏记录的材质为Stoneware with incised decoration under celadon glaze。实际制作材质、颜色与细节需在询单阶段确认。,这件十四世纪晚期至十五世纪早期的龙泉青瓷大盘以刻划牡丹纹装饰。目录用它呈现大尺寸青瓷与花卉纹样的结合。 飞颐礼遇据此整理为可用于礼赠沟通的“馆藏灵感·龙泉青瓷牡丹纹盘”方案。,推荐表达：和谐、美好祝福、良缘相合。适合的对象、场景与定制方式以当前商品标签和客户需求为准。,图片与历史参考来源：https://www.metmuseum.org/art/collection/search/42514；图片许可：CC0 1.0 / Public Domain。礼赠方案由飞颐礼遇整理。,draft,,true
prod_demo_010,en,"This concept focuses on celadon glaze and vessel form. The reference image is catalogued with the material description “Stoneware with incised decoration under celadon glaze”. Final production materials, colour, and details require confirmation.",This large Longquan celadon dish from the late fourteenth or early fifteenth century carries incised peony decoration. It is a reference for floral design on large celadon forms. HeritageLink AI translates the reference into the “Heritage-Inspired Dish with Peonies” gifting concept.,"Suggested meanings: harmony, good wishes, union. Recipient, occasion, and customization fit are determined from the configured product tags and the customer's confirmed request.",Image and historical reference: https://www.metmuseum.org/art/collection/search/42514; image license: CC0 1.0 / Public Domain. The gifting concept was prepared by Feiyi Liyu (HeritageLink AI).,draft,,true
prod_demo_011,zh-CN,本方案以丝织刺绣纹样与装裱为设计重点，参考图馆藏记录的材质为Silk satin embroidered with silk。实际制作材质、颜色与细节需在询单阶段确认。,这件十八世纪后半叶广州制作的外销帷饰以丝缎为底并用丝线刺绣，馆藏资料注明其面向欧美市场。它用于展示传统刺绣与跨文化贸易的关系。 飞颐礼遇据此整理为可用于礼赠沟通的“馆藏灵感·广州外销刺绣帷饰”方案。,推荐表达：文化传承、纪念。适合的对象、场景与定制方式以当前商品标签和客户需求为准。,图片与历史参考来源：https://www.metmuseum.org/art/collection/search/69860；图片许可：CC0 1.0 / Public Domain。礼赠方案由飞颐礼遇整理。,draft,,true
prod_demo_011,en,"This concept focuses on silk, embroidery, and mounted textile design. The reference image is catalogued with the material description “Silk satin embroidered with silk”. Final production materials, colour, and details require confirmation.",This Guangzhou export palampore from 1750–1800 is silk satin embroidered with silk and was made for European or American markets. It illustrates the relationship between embroidery and cross-cultural trade. HeritageLink AI translates the reference into the “Heritage-Inspired Chinese Palampore” gifting concept.,"Suggested meanings: cultural continuity, remembrance. Recipient, occasion, and customization fit are determined from the configured product tags and the customer's confirmed request.",Image and historical reference: https://www.metmuseum.org/art/collection/search/69860; image license: CC0 1.0 / Public Domain. The gifting concept was prepared by Feiyi Liyu (HeritageLink AI).,draft,,true
prod_demo_012,zh-CN,本方案以丝织刺绣纹样与装裱为设计重点，参考图馆藏记录的材质为Silk。实际制作材质、颜色与细节需在询单阶段确认。,这件十八至十九世纪中国丝织面料由多块织物拼接构成。目录用它展示历史丝织物的纹样、组合和再利用方式。 飞颐礼遇据此整理为可用于礼赠沟通的“馆藏灵感·中国丝织拼接面料”方案。,推荐表达：感谢、文化传承。适合的对象、场景与定制方式以当前商品标签和客户需求为准。,图片与历史参考来源：https://www.metmuseum.org/art/collection/search/461250；图片许可：CC0 1.0 / Public Domain。礼赠方案由飞颐礼遇整理。,draft,,true
prod_demo_012,en,"This concept focuses on silk, embroidery, and mounted textile design. The reference image is catalogued with the material description “Silk”. Final production materials, colour, and details require confirmation.","This eighteenth- to nineteenth-century Chinese silk textile is assembled from multiple panels and fragments. It is included as a reference for historic patterning, assembly, and reuse. HeritageLink AI translates the reference into the “Heritage-Inspired Fabric” gifting concept.","Suggested meanings: gratitude, cultural continuity. Recipient, occasion, and customization fit are determined from the configured product tags and the customer's confirmed request.",Image and historical reference: https://www.metmuseum.org/art/collection/search/461250; image license: CC0 1.0 / Public Domain. The gifting concept was prepared by Feiyi Liyu (HeritageLink AI).,draft,,true
prod_demo_013,zh-CN,本方案以丝织刺绣纹样与装裱为设计重点，参考图馆藏记录的材质为Silk and metal thread embroidery on silk satin。实际制作材质、颜色与细节需在询单阶段确认。,这件十八世纪中国挂屏在丝缎上以丝线和金属线刺绣人物主题。馆藏说明将画面与八仙、寿老及祝寿意涵联系起来。 飞颐礼遇据此整理为可用于礼赠沟通的“馆藏灵感·八仙祝寿刺绣挂屏”方案。,推荐表达：长久安康、美好祝福、文化传承。适合的对象、场景与定制方式以当前商品标签和客户需求为准。,图片与历史参考来源：https://www.metmuseum.org/art/collection/search/68527；图片许可：CC0 1.0 / Public Domain。礼赠方案由飞颐礼遇整理。,draft,,true
prod_demo_013,en,"This concept focuses on silk, embroidery, and mounted textile design. The reference image is catalogued with the material description “Silk and metal thread embroidery on silk satin”. Final production materials, colour, and details require confirmation.","This eighteenth-century Chinese panel uses silk and metal-thread embroidery on silk satin. The museum relates its figures to the Eight Immortals, Shoulao, and birthday wishes. HeritageLink AI translates the reference into the “Heritage-Inspired Panel with immortals” gifting concept.","Suggested meanings: longevity, good wishes, cultural continuity. Recipient, occasion, and customization fit are determined from the configured product tags and the customer's confirmed request.",Image and historical reference: https://www.metmuseum.org/art/collection/search/68527; image license: CC0 1.0 / Public Domain. The gifting concept was prepared by Feiyi Liyu (HeritageLink AI).,draft,,true
prod_demo_014,zh-CN,本方案以丝织刺绣纹样与装裱为设计重点，参考图馆藏记录的材质为Red silk。实际制作材质、颜色与细节需在询单阶段确认。,这件十九世纪晚期至二十世纪早期的中国红绸织物采用重复鹤纹。馆藏说明将鹤纹与长寿象征联系起来，目录据此保留该文化线索。 飞颐礼遇据此整理为可用于礼赠沟通的“馆藏灵感·鹤纹红绸织物”方案。,推荐表达：长久安康、美好祝福。适合的对象、场景与定制方式以当前商品标签和客户需求为准。,图片与历史参考来源：https://www.metmuseum.org/art/collection/search/460786；图片许可：CC0 1.0 / Public Domain。礼赠方案由飞颐礼遇整理。,draft,,true
prod_demo_014,en,"This concept focuses on silk, embroidery, and mounted textile design. The reference image is catalogued with the material description “Red silk”. Final production materials, colour, and details require confirmation.","This late-nineteenth- to early-twentieth-century Chinese red silk panel has a repeating crane pattern. The museum identifies the crane as a symbol of longevity, a context retained here. HeritageLink AI translates the reference into the “Heritage-Inspired Panel with crane pattern” gifting concept.","Suggested meanings: longevity, good wishes. Recipient, occasion, and customization fit are determined from the configured product tags and the customer's confirmed request.",Image and historical reference: https://www.metmuseum.org/art/collection/search/460786; image license: CC0 1.0 / Public Domain. The gifting concept was prepared by Feiyi Liyu (HeritageLink AI).,draft,,true
prod_demo_015,zh-CN,本方案以丝织刺绣纹样与装裱为设计重点，参考图馆藏记录的材质为Silk embroidery on plain weave silk。实际制作材质、颜色与细节需在询单阶段确认。,这件八世纪早期中国织物在平纹丝织物上以丝线刺绣成对鸟纹。它用于展示早期织绣中的对称构图与动物纹样。 飞颐礼遇据此整理为可用于礼赠沟通的“馆藏灵感·对鸟纹丝绣织物”方案。,推荐表达：良缘相合、和谐。适合的对象、场景与定制方式以当前商品标签和客户需求为准。,图片与历史参考来源：https://www.metmuseum.org/art/collection/search/39596；图片许可：CC0 1.0 / Public Domain。礼赠方案由飞颐礼遇整理。,draft,,true
prod_demo_015,en,"This concept focuses on silk, embroidery, and mounted textile design. The reference image is catalogued with the material description “Silk embroidery on plain weave silk”. Final production materials, colour, and details require confirmation.",This early-eighth-century Chinese textile uses silk embroidery on plain-weave silk with a pair of confronted birds. It is a reference for symmetry and animal motifs in early embroidery. HeritageLink AI translates the reference into the “Heritage-Inspired Textile with confronted birds” gifting concept.,"Suggested meanings: union, harmony. Recipient, occasion, and customization fit are determined from the configured product tags and the customer's confirmed request.",Image and historical reference: https://www.metmuseum.org/art/collection/search/39596; image license: CC0 1.0 / Public Domain. The gifting concept was prepared by Feiyi Liyu (HeritageLink AI).,draft,,true
prod_demo_016,zh-CN,本方案以玉雕器形与吉祥主题为设计重点，参考图馆藏记录的材质为Jade。实际制作材质、颜色与细节需在询单阶段确认。,馆藏页将此件藏品定名为环形玉龙佩，并将其年代列为公元前三世纪。页面将弯曲成环的龙形和绞绳般凹槽作为主要造型特征；尺寸与细分材质待进一步补充。 飞颐礼遇据此整理为可用于礼赠沟通的“馆藏灵感·环形玉龙佩”方案。,推荐表达：兴盛祝愿、文化传承。适合的对象、场景与定制方式以当前商品标签和客户需求为准。,图片与历史参考来源：https://www.metmuseum.org/art/collection/search/39637；图片许可：CC0 1.0 / Public Domain。礼赠方案由飞颐礼遇整理。,draft,,true
prod_demo_016,en,"This concept focuses on jade-carving form and auspicious imagery. The reference image is catalogued with the material description “Jade”. Final production materials, colour, and details require confirmation.",The museum identifies this object as a knotted dragon pendant from the third century BCE. Its coiled dragon form and rope-like grooves are the key recorded features; dimensions and a more specific material description remain to be added. HeritageLink AI translates the reference into the “Heritage-Inspired Knotted dragon pendant” gifting concept.,"Suggested meanings: prosperity, cultural continuity. Recipient, occasion, and customization fit are determined from the configured product tags and the customer's confirmed request.",Image and historical reference: https://www.metmuseum.org/art/collection/search/39637; image license: CC0 1.0 / Public Domain. The gifting concept was prepared by Feiyi Liyu (HeritageLink AI).,draft,,true
prod_demo_017,zh-CN,本方案以玉雕器形与吉祥主题为设计重点，参考图馆藏记录的材质为Jade (nephrite)。实际制作材质、颜色与细节需在询单阶段确认。,这组十八至十九世纪中国玉雕以软玉制作十二生肖动物。目录用它展示生肖题材在成组小型玉雕中的表达。 飞颐礼遇据此整理为可用于礼赠沟通的“馆藏灵感·十二生肖玉雕组”方案。,推荐表达：文化传承、兴盛祝愿。适合的对象、场景与定制方式以当前商品标签和客户需求为准。,图片与历史参考来源：https://www.metmuseum.org/art/collection/search/42102；图片许可：CC0 1.0 / Public Domain。礼赠方案由飞颐礼遇整理。,draft,,true
prod_demo_017,en,"This concept focuses on jade-carving form and auspicious imagery. The reference image is catalogued with the material description “Jade (nephrite)”. Final production materials, colour, and details require confirmation.",This eighteenth- to nineteenth-century Chinese set depicts the twelve zodiac animals in nephrite. It is included as a reference for zodiac themes in small grouped jade carvings. HeritageLink AI translates the reference into the “Heritage-Inspired Twelve animals of the Chinese zodiac” gifting concept.,"Suggested meanings: cultural continuity, prosperity. Recipient, occasion, and customization fit are determined from the configured product tags and the customer's confirmed request.",Image and historical reference: https://www.metmuseum.org/art/collection/search/42102; image license: CC0 1.0 / Public Domain. The gifting concept was prepared by Feiyi Liyu (HeritageLink AI).,draft,,true
prod_demo_018,zh-CN,本方案以玉雕器形与吉祥主题为设计重点，参考图馆藏记录的材质为Jade (nephrite)。实际制作材质、颜色与细节需在询单阶段确认。,这件十八世纪中国白玉盒属于一组香具，以软玉制作。目录用它展示玉雕在成套香事器物中的小型盒式形制。 飞颐礼遇据此整理为可用于礼赠沟通的“馆藏灵感·白玉香盒”方案。,推荐表达：和谐、美好祝福。适合的对象、场景与定制方式以当前商品标签和客户需求为准。,图片与历史参考来源：https://www.metmuseum.org/art/collection/search/42154；图片许可：CC0 1.0 / Public Domain。礼赠方案由飞颐礼遇整理。,draft,,true
prod_demo_018,en,"This concept focuses on jade-carving form and auspicious imagery. The reference image is catalogued with the material description “Jade (nephrite)”. Final production materials, colour, and details require confirmation.",This eighteenth-century Chinese covered box belongs to an incense set and is carved from nephrite. It is included as a reference for small jade forms within coordinated incense utensils. HeritageLink AI translates the reference into the “Heritage-Inspired Covered box from an incense set” gifting concept.,"Suggested meanings: harmony, good wishes. Recipient, occasion, and customization fit are determined from the configured product tags and the customer's confirmed request.",Image and historical reference: https://www.metmuseum.org/art/collection/search/42154; image license: CC0 1.0 / Public Domain. The gifting concept was prepared by Feiyi Liyu (HeritageLink AI).,draft,,true
prod_demo_019,zh-CN,本方案以玉雕器形与吉祥主题为设计重点，参考图馆藏记录的材质为Jade (nephrite)。实际制作材质、颜色与细节需在询单阶段确认。,这件十八世纪中国带盖香炉以软玉制作，与香盒和小瓶构成一组香具。它用于展示成套玉雕器物的功能与比例关系。 飞颐礼遇据此整理为可用于礼赠沟通的“馆藏灵感·白玉带盖香炉”方案。,推荐表达：文化传承、纪念。适合的对象、场景与定制方式以当前商品标签和客户需求为准。,图片与历史参考来源：https://www.metmuseum.org/art/collection/search/42153；图片许可：CC0 1.0 / Public Domain。礼赠方案由飞颐礼遇整理。,draft,,true
prod_demo_019,en,"This concept focuses on jade-carving form and auspicious imagery. The reference image is catalogued with the material description “Jade (nephrite)”. Final production materials, colour, and details require confirmation.",This eighteenth-century Chinese covered incense burner is carved from nephrite and forms part of a set with a box and slender vase. It is a reference for function and proportion in coordinated jade objects. HeritageLink AI translates the reference into the “Heritage-Inspired Incense burner with cover” gifting concept.,"Suggested meanings: cultural continuity, remembrance. Recipient, occasion, and customization fit are determined from the configured product tags and the customer's confirmed request.",Image and historical reference: https://www.metmuseum.org/art/collection/search/42153; image license: CC0 1.0 / Public Domain. The gifting concept was prepared by Feiyi Liyu (HeritageLink AI).,draft,,true
prod_demo_020,zh-CN,本方案以玉雕器形与吉祥主题为设计重点，参考图馆藏记录的材质为Jade (nephrite)。实际制作材质、颜色与细节需在询单阶段确认。,这件十八世纪中国软玉雕刻表现童子与水牛。馆藏资料将其置于中国装饰艺术中吉祥象征与视觉双关的传统内，目录据此保留该背景。 飞颐礼遇据此整理为可用于礼赠沟通的“馆藏灵感·童子水牛玉雕”方案。,推荐表达：兴盛祝愿、美好祝福。适合的对象、场景与定制方式以当前商品标签和客户需求为准。,图片与历史参考来源：https://www.metmuseum.org/art/collection/search/41918；图片许可：CC0 1.0 / Public Domain。礼赠方案由飞颐礼遇整理。,draft,,true
prod_demo_020,en,"This concept focuses on jade-carving form and auspicious imagery. The reference image is catalogued with the material description “Jade (nephrite)”. Final production materials, colour, and details require confirmation.",This eighteenth-century Chinese nephrite carving depicts a boy with a water buffalo. The museum places it within traditions of auspicious symbols and visual puns in Chinese decorative art. HeritageLink AI translates the reference into the “Heritage-Inspired Boy with water buffalo” gifting concept.,"Suggested meanings: prosperity, good wishes. Recipient, occasion, and customization fit are determined from the configured product tags and the customer's confirmed request.",Image and historical reference: https://www.metmuseum.org/art/collection/search/41918; image license: CC0 1.0 / Public Domain. The gifting concept was prepared by Feiyi Liyu (HeritageLink AI).,draft,,true
prod_ref_001,zh-CN,大都会艺术博物馆将该对象记录为“鱼网纹折扇”相关馆藏；材质记录为：Folding fan; ink on gold-flecked paper and gold-flecked lacquered bamboo fan bones and end pieces。,馆藏年代记录：late 16th–early 17th century。文化背景仅按所列官方来源概括；馆藏对象与当代商品、商家及商业能力之间不作归属推断。,可用于礼赠方向的文化探索，但寓意标签是策展索引，不是馆方或商家承诺。,The Met Open Access，馆藏编号 1988.212；访问日期 2026-07-30；https://www.metmuseum.org/art/collection/search/41482,draft,,true
prod_ref_001,en,The Met records this object as “Folding Fan with Fishing Net Decoration”; its medium is recorded as: Folding fan; ink on gold-flecked paper and gold-flecked lacquered bamboo fan bones and end pieces.,"Museum date: late 16th–early 17th century. Cultural context is limited to the cited official source; no link to a current merchant, sale product, or fulfilment capability is asserted.","Suitable for gift-direction exploration; symbolism tags are curatorial indexes, not museum or merchant claims.","The Met Open Access, accession 1988.212; accessed 2026-07-30; https://www.metmuseum.org/art/collection/search/41482",draft,,true
prod_ref_002,zh-CN,大都会艺术博物馆将该对象记录为“折扇”相关馆藏；材质记录为：Folding fan; ink and color on paper。,馆藏年代记录：18th century。文化背景仅按所列官方来源概括；馆藏对象与当代商品、商家及商业能力之间不作归属推断。,可用于礼赠方向的文化探索，但寓意标签是策展索引，不是馆方或商家承诺。,The Met Open Access，馆藏编号 51.14；访问日期 2026-07-30；https://www.metmuseum.org/art/collection/search/51770,draft,,true
prod_ref_002,en,The Met records this object as “Fan”; its medium is recorded as: Folding fan; ink and color on paper.,"Museum date: 18th century. Cultural context is limited to the cited official source; no link to a current merchant, sale product, or fulfilment capability is asserted.","Suitable for gift-direction exploration; symbolism tags are curatorial indexes, not museum or merchant claims.","The Met Open Access, accession 51.14; accessed 2026-07-30; https://www.metmuseum.org/art/collection/search/51770",draft,,true
prod_ref_003,zh-CN,大都会艺术博物馆将该对象记录为“折扇册页”相关馆藏；材质记录为：Folding fan mounted as an album leaf; gold paper。,馆藏年代记录：Date not specified in museum record。文化背景仅按所列官方来源概括；馆藏对象与当代商品、商家及商业能力之间不作归属推断。,可用于礼赠方向的文化探索，但寓意标签是策展索引，不是馆方或商家承诺。,The Met Open Access，馆藏编号 19.167；访问日期 2026-07-30；https://www.metmuseum.org/art/collection/search/51536,draft,,true
prod_ref_003,en,The Met records this object as “Fan”; its medium is recorded as: Folding fan mounted as an album leaf; gold paper.,"Museum date: Date not specified in museum record. Cultural context is limited to the cited official source; no link to a current merchant, sale product, or fulfilment capability is asserted.","Suitable for gift-direction exploration; symbolism tags are curatorial indexes, not museum or merchant claims.","The Met Open Access, accession 19.167; accessed 2026-07-30; https://www.metmuseum.org/art/collection/search/51536",draft,,true
prod_ref_004,zh-CN,大都会艺术博物馆将该对象记录为“青崖红枫图折扇”相关馆藏；材质记录为：Folding fan mounted as an album leaf; ink and color on paper。,馆藏年代记录：dated 1603。文化背景仅按所列官方来源概括；馆藏对象与当代商品、商家及商业能力之间不作归属推断。,可用于礼赠方向的文化探索，但寓意标签是策展索引，不是馆方或商家承诺。,The Met Open Access，馆藏编号 13.100.77；访问日期 2026-07-30；https://www.metmuseum.org/art/collection/search/35990,draft,,true
prod_ref_004,en,The Met records this object as “Azure Cliff with Red Maples”; its medium is recorded as: Folding fan mounted as an album leaf; ink and color on paper.,"Museum date: dated 1603. Cultural context is limited to the cited official source; no link to a current merchant, sale product, or fulfilment capability is asserted.","Suitable for gift-direction exploration; symbolism tags are curatorial indexes, not museum or merchant claims.","The Met Open Access, accession 13.100.77; accessed 2026-07-30; https://www.metmuseum.org/art/collection/search/35990",draft,,true
prod_ref_005,zh-CN,大都会艺术博物馆将该对象记录为“江景图折扇”相关馆藏；材质记录为：Folding fan mounted as an album leaf; ink on paper。,馆藏年代记录：Date not specified in museum record。文化背景仅按所列官方来源概括；馆藏对象与当代商品、商家及商业能力之间不作归属推断。,可用于礼赠方向的文化探索，但寓意标签是策展索引，不是馆方或商家承诺。,The Met Open Access，馆藏编号 13.100.89；访问日期 2026-07-30；https://www.metmuseum.org/art/collection/search/36000,draft,,true
prod_ref_005,en,The Met records this object as “River landscape”; its medium is recorded as: Folding fan mounted as an album leaf; ink on paper.,"Museum date: Date not specified in museum record. Cultural context is limited to the cited official source; no link to a current merchant, sale product, or fulfilment capability is asserted.","Suitable for gift-direction exploration; symbolism tags are curatorial indexes, not museum or merchant claims.","The Met Open Access, accession 13.100.89; accessed 2026-07-30; https://www.metmuseum.org/art/collection/search/36000",draft,,true
prod_ref_006,zh-CN,大都会艺术博物馆将该对象记录为“青玉印”相关馆藏；材质记录为：Green jade。,馆藏年代记录：Date not specified in museum record。文化背景仅按所列官方来源概括；馆藏对象与当代商品、商家及商业能力之间不作归属推断。,可用于礼赠方向的文化探索，但寓意标签是策展索引，不是馆方或商家承诺。,The Met Open Access，馆藏编号 19.19.10；访问日期 2026-07-30；https://www.metmuseum.org/art/collection/search/40995,draft,,true
prod_ref_006,en,The Met records this object as “Seal”; its medium is recorded as: Green jade.,"Museum date: Date not specified in museum record. Cultural context is limited to the cited official source; no link to a current merchant, sale product, or fulfilment capability is asserted.","Suitable for gift-direction exploration; symbolism tags are curatorial indexes, not museum or merchant claims.","The Met Open Access, accession 19.19.10; accessed 2026-07-30; https://www.metmuseum.org/art/collection/search/40995",draft,,true
prod_ref_007,zh-CN,大都会艺术博物馆将该对象记录为“灰玉印”相关馆藏；材质记录为：Gray jade。,馆藏年代记录：Date not specified in museum record。文化背景仅按所列官方来源概括；馆藏对象与当代商品、商家及商业能力之间不作归属推断。,可用于礼赠方向的文化探索，但寓意标签是策展索引，不是馆方或商家承诺。,The Met Open Access，馆藏编号 19.19.24；访问日期 2026-07-30；https://www.metmuseum.org/art/collection/search/41006,draft,,true
prod_ref_007,en,The Met records this object as “Seal”; its medium is recorded as: Gray jade.,"Museum date: Date not specified in museum record. Cultural context is limited to the cited official source; no link to a current merchant, sale product, or fulfilment capability is asserted.","Suitable for gift-direction exploration; symbolism tags are curatorial indexes, not museum or merchant claims.","The Met Open Access, accession 19.19.24; accessed 2026-07-30; https://www.metmuseum.org/art/collection/search/41006",draft,,true
prod_ref_008,zh-CN,大都会艺术博物馆将该对象记录为“鲍文玉印”相关馆藏；材质记录为：Bowenite。,馆藏年代记录：Date not specified in museum record。文化背景仅按所列官方来源概括；馆藏对象与当代商品、商家及商业能力之间不作归属推断。,可用于礼赠方向的文化探索，但寓意标签是策展索引，不是馆方或商家承诺。,The Met Open Access，馆藏编号 27.129；访问日期 2026-07-30；https://www.metmuseum.org/art/collection/search/41055,draft,,true
prod_ref_008,en,The Met records this object as “Seal”; its medium is recorded as: Bowenite.,"Museum date: Date not specified in museum record. Cultural context is limited to the cited official source; no link to a current merchant, sale product, or fulfilment capability is asserted.","Suitable for gift-direction exploration; symbolism tags are curatorial indexes, not museum or merchant claims.","The Met Open Access, accession 27.129; accessed 2026-07-30; https://www.metmuseum.org/art/collection/search/41055",draft,,true
prod_ref_009,zh-CN,大都会艺术博物馆将该对象记录为“玉印”相关馆藏；材质记录为：Jade。,馆藏年代记录：Date not specified in museum record。文化背景仅按所列官方来源概括；馆藏对象与当代商品、商家及商业能力之间不作归属推断。,可用于礼赠方向的文化探索，但寓意标签是策展索引，不是馆方或商家承诺。,The Met Open Access，馆藏编号 19.19.19；访问日期 2026-07-30；https://www.metmuseum.org/art/collection/search/41002,draft,,true
prod_ref_009,en,The Met records this object as “Seal”; its medium is recorded as: Jade.,"Museum date: Date not specified in museum record. Cultural context is limited to the cited official source; no link to a current merchant, sale product, or fulfilment capability is asserted.","Suitable for gift-direction exploration; symbolism tags are curatorial indexes, not museum or merchant claims.","The Met Open Access, accession 19.19.19; accessed 2026-07-30; https://www.metmuseum.org/art/collection/search/41002",draft,,true
prod_ref_010,zh-CN,大都会艺术博物馆将该对象记录为“青花釉下彩印”相关馆藏；材质记录为：Porcelain decorated with blue under the glaze and incised seal characters。,馆藏年代记录：18th century。文化背景仅按所列官方来源概括；馆藏对象与当代商品、商家及商业能力之间不作归属推断。,可用于礼赠方向的文化探索，但寓意标签是策展索引，不是馆方或商家承诺。,The Met Open Access，馆藏编号 81.6.263；访问日期 2026-07-30；https://www.metmuseum.org/art/collection/search/61857,draft,,true
prod_ref_010,en,The Met records this object as “Seal”; its medium is recorded as: Porcelain decorated with blue under the glaze and incised seal characters.,"Museum date: 18th century. Cultural context is limited to the cited official source; no link to a current merchant, sale product, or fulfilment capability is asserted.","Suitable for gift-direction exploration; symbolism tags are curatorial indexes, not museum or merchant claims.","The Met Open Access, accession 81.6.263; accessed 2026-07-30; https://www.metmuseum.org/art/collection/search/61857",draft,,true
prod_ref_011,zh-CN,"大都会艺术博物馆将该对象记录为“仙人山水纹竹笔筒”相关馆藏；材质记录为：Bamboo, wood rim and stand。",馆藏年代记录：late 17th–early 18th century。文化背景仅按所列官方来源概括；馆藏对象与当代商品、商家及商业能力之间不作归属推断。,可用于礼赠方向的文化探索，但寓意标签是策展索引，不是馆方或商家承诺。,The Met Open Access，馆藏编号 2011.7；访问日期 2026-07-30；https://www.metmuseum.org/art/collection/search/76453,draft,,true
prod_ref_011,en,"The Met records this object as “Brush holder decorated with immortals in landscape”; its medium is recorded as: Bamboo, wood rim and stand.","Museum date: late 17th–early 18th century. Cultural context is limited to the cited official source; no link to a current merchant, sale product, or fulfilment capability is asserted.","Suitable for gift-direction exploration; symbolism tags are curatorial indexes, not museum or merchant claims.","The Met Open Access, accession 2011.7; accessed 2026-07-30; https://www.metmuseum.org/art/collection/search/76453",draft,,true
prod_ref_012,zh-CN,大都会艺术博物馆将该对象记录为“《醉翁亭记》图竹笔筒”相关馆藏；材质记录为：Bamboo with hardwood rim and base。,馆藏年代记录：late 17th century。文化背景仅按所列官方来源概括；馆藏对象与当代商品、商家及商业能力之间不作归属推断。,可用于礼赠方向的文化探索，但寓意标签是策展索引，不是馆方或商家承诺。,The Met Open Access，馆藏编号 1994.382；访问日期 2026-07-30；https://www.metmuseum.org/art/collection/search/42158,draft,,true
prod_ref_012,en,The Met records this object as “Brush holder with scene of “Ode to the Pavilion of the Inebriated Old Man””; its medium is recorded as: Bamboo with hardwood rim and base.,"Museum date: late 17th century. Cultural context is limited to the cited official source; no link to a current merchant, sale product, or fulfilment capability is asserted.","Suitable for gift-direction exploration; symbolism tags are curatorial indexes, not museum or merchant claims.","The Met Open Access, accession 1994.382; accessed 2026-07-30; https://www.metmuseum.org/art/collection/search/42158",draft,,true
prod_ref_013,zh-CN,大都会艺术博物馆将该对象记录为“《醉翁亭记》图竹笔筒（早期）”相关馆藏；材质记录为：Bamboo。,馆藏年代记录：early 17th century。文化背景仅按所列官方来源概括；馆藏对象与当代商品、商家及商业能力之间不作归属推断。,可用于礼赠方向的文化探索，但寓意标签是策展索引，不是馆方或商家承诺。,The Met Open Access，馆藏编号 1994.208；访问日期 2026-07-30；https://www.metmuseum.org/art/collection/search/39625,draft,,true
prod_ref_013,en,The Met records this object as “Brush holder with scene of “Ode to the Pavilion of the Inebriated Old Man””; its medium is recorded as: Bamboo.,"Museum date: early 17th century. Cultural context is limited to the cited official source; no link to a current merchant, sale product, or fulfilment capability is asserted.","Suitable for gift-direction exploration; symbolism tags are curatorial indexes, not museum or merchant claims.","The Met Open Access, accession 1994.208; accessed 2026-07-30; https://www.metmuseum.org/art/collection/search/39625",draft,,true
prod_ref_014,zh-CN,大都会艺术博物馆将该对象记录为“山水高士图香筒”相关馆藏；材质记录为：Bamboo。,馆藏年代记录：late 16th–early 17th century。文化背景仅按所列官方来源概括；馆藏对象与当代商品、商家及商业能力之间不作归属推断。,可用于礼赠方向的文化探索，但寓意标签是策展索引，不是馆方或商家承诺。,The Met Open Access，馆藏编号 1995.271；访问日期 2026-07-30；https://www.metmuseum.org/art/collection/search/39626,draft,,true
prod_ref_014,en,The Met records this object as “Incense holder with scholars in a landscape”; its medium is recorded as: Bamboo.,"Museum date: late 16th–early 17th century. Cultural context is limited to the cited official source; no link to a current merchant, sale product, or fulfilment capability is asserted.","Suitable for gift-direction exploration; symbolism tags are curatorial indexes, not museum or merchant claims.","The Met Open Access, accession 1995.271; accessed 2026-07-30; https://www.metmuseum.org/art/collection/search/39626",draft,,true
prod_ref_015,zh-CN,大都会艺术博物馆将该对象记录为“文会图竹笔筒”相关馆藏；材质记录为：Silver。,馆藏年代记录：mid-18th century。文化背景仅按所列官方来源概括；馆藏对象与当代商品、商家及商业能力之间不作归属推断。,可用于礼赠方向的文化探索，但寓意标签是策展索引，不是馆方或商家承诺。,The Met Open Access，馆藏编号 2015.500.6.25；访问日期 2026-07-30；https://www.metmuseum.org/art/collection/search/39855,draft,,true
prod_ref_015,en,The Met records this object as “Brush Holder with Literary Gathering”; its medium is recorded as: Silver.,"Museum date: mid-18th century. Cultural context is limited to the cited official source; no link to a current merchant, sale product, or fulfilment capability is asserted.","Suitable for gift-direction exploration; symbolism tags are curatorial indexes, not museum or merchant claims.","The Met Open Access, accession 2015.500.6.25; accessed 2026-07-30; https://www.metmuseum.org/art/collection/search/39855",draft,,true
prod_ref_016,zh-CN,大都会艺术博物馆将该对象记录为“茶壶”相关馆藏；材质记录为：Porcelain painted with cobalt blue under transparent glaze (Jingdezhen ware); European mount。,馆藏年代记录：late 17th–early 18th century。文化背景仅按所列官方来源概括；馆藏对象与当代商品、商家及商业能力之间不作归属推断。,可用于礼赠方向的文化探索，但寓意标签是策展索引，不是馆方或商家承诺。,"The Met Open Access，馆藏编号 79.2.189a, b；访问日期 2026-07-30；https://www.metmuseum.org/art/collection/search/47879",draft,,true
prod_ref_016,en,The Met records this object as “Teapot”; its medium is recorded as: Porcelain painted with cobalt blue under transparent glaze (Jingdezhen ware); European mount.,"Museum date: late 17th–early 18th century. Cultural context is limited to the cited official source; no link to a current merchant, sale product, or fulfilment capability is asserted.","Suitable for gift-direction exploration; symbolism tags are curatorial indexes, not museum or merchant claims.","The Met Open Access, accession 79.2.189a, b; accessed 2026-07-30; https://www.metmuseum.org/art/collection/search/47879",draft,,true
prod_ref_017,zh-CN,大都会艺术博物馆将该对象记录为“牡丹纹双面茶壶”相关馆藏；材质记录为：Porcelain painted with cobalt blue under and colored enamels over transparent glaze (Jingdezhen ware)。,馆藏年代记录：late 17th–early 18th century。文化背景仅按所列官方来源概括；馆藏对象与当代商品、商家及商业能力之间不作归属推断。,可用于礼赠方向的文化探索，但寓意标签是策展索引，不是馆方或商家承诺。,"The Met Open Access，馆藏编号 79.2.1317a, b；访问日期 2026-07-30；https://www.metmuseum.org/art/collection/search/46792",draft,,true
prod_ref_017,en,The Met records this object as “Double-Sided Teapot with Tree Peonies”; its medium is recorded as: Porcelain painted with cobalt blue under and colored enamels over transparent glaze (Jingdezhen ware).,"Museum date: late 17th–early 18th century. Cultural context is limited to the cited official source; no link to a current merchant, sale product, or fulfilment capability is asserted.","Suitable for gift-direction exploration; symbolism tags are curatorial indexes, not museum or merchant claims.","The Met Open Access, accession 79.2.1317a, b; accessed 2026-07-30; https://www.metmuseum.org/art/collection/search/46792",draft,,true
prod_ref_018,zh-CN,大都会艺术博物馆将该对象记录为“莲花形茶壶”相关馆藏；材质记录为：Porcelain with raised and applied decoration under colored glazes (Jingdezhen ware)。,馆藏年代记录：ca. 1700。文化背景仅按所列官方来源概括；馆藏对象与当代商品、商家及商业能力之间不作归属推断。,可用于礼赠方向的文化探索，但寓意标签是策展索引，不是馆方或商家承诺。,"The Met Open Access，馆藏编号 79.2.1201a, b；访问日期 2026-07-30；https://www.metmuseum.org/art/collection/search/51184",draft,,true
prod_ref_018,en,The Met records this object as “Teapot in Shape of a Lotus Plant”; its medium is recorded as: Porcelain with raised and applied decoration under colored glazes (Jingdezhen ware).,"Museum date: ca. 1700. Cultural context is limited to the cited official source; no link to a current merchant, sale product, or fulfilment capability is asserted.","Suitable for gift-direction exploration; symbolism tags are curatorial indexes, not museum or merchant claims.","The Met Open Access, accession 79.2.1201a, b; accessed 2026-07-30; https://www.metmuseum.org/art/collection/search/51184",draft,,true
prod_ref_019,zh-CN,大都会艺术博物馆将该对象记录为“梅花形茶壶”相关馆藏；材质记录为：Stoneware (Yixing ware)。,馆藏年代记录：early 17th century。文化背景仅按所列官方来源概括；馆藏对象与当代商品、商家及商业能力之间不作归属推断。,可用于礼赠方向的文化探索，但寓意标签是策展索引，不是馆方或商家承诺。,"The Met Open Access，馆藏编号 1982.362a, b；访问日期 2026-07-30；https://www.metmuseum.org/art/collection/search/42323",draft,,true
prod_ref_019,en,The Met records this object as “Teapot in the Shape of a Plum Blossom”; its medium is recorded as: Stoneware (Yixing ware).,"Museum date: early 17th century. Cultural context is limited to the cited official source; no link to a current merchant, sale product, or fulfilment capability is asserted.","Suitable for gift-direction exploration; symbolism tags are curatorial indexes, not museum or merchant claims.","The Met Open Access, accession 1982.362a, b; accessed 2026-07-30; https://www.metmuseum.org/art/collection/search/42323",draft,,true
prod_ref_020,zh-CN,"大都会艺术博物馆将该对象记录为“茶壶与托碟”相关馆藏；材质记录为：Porcelain with full relief decoration, painted in overglaze enamels.。",馆藏年代记录：ca. 1740 (teapot); late 18th century (saucer)。文化背景仅按所列官方来源概括；馆藏对象与当代商品、商家及商业能力之间不作归属推断。,可用于礼赠方向的文化探索，但寓意标签是策展索引，不是馆方或商家承诺。,"The Met Open Access，馆藏编号 1975.1.1724 a,b；访问日期 2026-07-30；https://www.metmuseum.org/art/collection/search/460687",draft,,true
prod_ref_020,en,"The Met records this object as “Teapot (a) and saucer (b)”; its medium is recorded as: Porcelain with full relief decoration, painted in overglaze enamels..","Museum date: ca. 1740 (teapot); late 18th century (saucer). Cultural context is limited to the cited official source; no link to a current merchant, sale product, or fulfilment capability is asserted.","Suitable for gift-direction exploration; symbolism tags are curatorial indexes, not museum or merchant claims.","The Met Open Access, accession 1975.1.1724 a,b; accessed 2026-07-30; https://www.metmuseum.org/art/collection/search/460687",draft,,true
prod_ref_021,zh-CN,大都会艺术博物馆将该对象记录为“《水浒传》插图本”相关馆藏；材质记录为：Woodblock-printed book; ink on paper。,馆藏年代记录：ca. 1610–40。文化背景仅按所列官方来源概括；馆藏对象与当代商品、商家及商业能力之间不作归属推断。,可用于礼赠方向的文化探索，但寓意标签是策展索引，不是馆方或商家承诺。,The Met Open Access，馆藏编号 2020.73.4；访问日期 2026-07-30；https://www.metmuseum.org/art/collection/search/712497,draft,,true
prod_ref_021,en,The Met records this object as “The Water Margin”; its medium is recorded as: Woodblock-printed book; ink on paper.,"Museum date: ca. 1610–40. Cultural context is limited to the cited official source; no link to a current merchant, sale product, or fulfilment capability is asserted.","Suitable for gift-direction exploration; symbolism tags are curatorial indexes, not museum or merchant claims.","The Met Open Access, accession 2020.73.4; accessed 2026-07-30; https://www.metmuseum.org/art/collection/search/712497",draft,,true
prod_ref_022,zh-CN,大都会艺术博物馆将该对象记录为“《太平府山水》图册”相关馆藏；材质记录为：Woodblock-printed book; ink on paper。,馆藏年代记录：1648。文化背景仅按所列官方来源概括；馆藏对象与当代商品、商家及商业能力之间不作归属推断。,可用于礼赠方向的文化探索，但寓意标签是策展索引，不是馆方或商家承诺。,The Met Open Access，馆藏编号 CIB8；访问日期 2026-07-30；https://www.metmuseum.org/art/collection/search/60764,draft,,true
prod_ref_022,en,The Met records this object as “Landscapes of Taiping Prefecture”; its medium is recorded as: Woodblock-printed book; ink on paper.,"Museum date: 1648. Cultural context is limited to the cited official source; no link to a current merchant, sale product, or fulfilment capability is asserted.","Suitable for gift-direction exploration; symbolism tags are curatorial indexes, not museum or merchant claims.","The Met Open Access, accession CIB8; accessed 2026-07-30; https://www.metmuseum.org/art/collection/search/60764",draft,,true
prod_ref_023,zh-CN,大都会艺术博物馆将该对象记录为“《十竹斋画谱》册页”相关馆藏；材质记录为：Individual leaf from a woodblock-printed book; ink and color on paper。,馆藏年代记录：first edition printed in 1633。文化背景仅按所列官方来源概括；馆藏对象与当代商品、商家及商业能力之间不作归属推断。,可用于礼赠方向的文化探索，但寓意标签是策展索引，不是馆方或商家承诺。,The Met Open Access，馆藏编号 CP56；访问日期 2026-07-30；https://www.metmuseum.org/art/collection/search/63375,draft,,true
prod_ref_023,en,The Met records this object as “Page from Ten Bamboo Studio Manual of Painting and Calligraphy”; its medium is recorded as: Individual leaf from a woodblock-printed book; ink and color on paper.,"Museum date: first edition printed in 1633. Cultural context is limited to the cited official source; no link to a current merchant, sale product, or fulfilment capability is asserted.","Suitable for gift-direction exploration; symbolism tags are curatorial indexes, not museum or merchant claims.","The Met Open Access, accession CP56; accessed 2026-07-30; https://www.metmuseum.org/art/collection/search/63375",draft,,true
prod_ref_024,zh-CN,大都会艺术博物馆将该对象记录为“《十竹斋画谱》单页”相关馆藏；材质记录为：Individual leaf from a printed book; ink and color on paper。,馆藏年代记录：first edition printed in 1633。文化背景仅按所列官方来源概括；馆藏对象与当代商品、商家及商业能力之间不作归属推断。,可用于礼赠方向的文化探索，但寓意标签是策展索引，不是馆方或商家承诺。,The Met Open Access，馆藏编号 CP54；访问日期 2026-07-30；https://www.metmuseum.org/art/collection/search/63372,draft,,true
prod_ref_024,en,The Met records this object as “Leaf from the Ten Bamboo Studio Manual of Painting and Calligraphy”; its medium is recorded as: Individual leaf from a printed book; ink and color on paper.,"Museum date: first edition printed in 1633. Cultural context is limited to the cited official source; no link to a current merchant, sale product, or fulfilment capability is asserted.","Suitable for gift-direction exploration; symbolism tags are curatorial indexes, not museum or merchant claims.","The Met Open Access, accession CP54; accessed 2026-07-30; https://www.metmuseum.org/art/collection/search/63372",draft,,true
prod_ref_025,zh-CN,大都会艺术博物馆将该对象记录为“内贴《姑苏冬日美人图》木箱”相关馆藏；材质记录为：Pinewood (chest); polychrome woodblock print; ink and color on paper。,馆藏年代记录：1767?。文化背景仅按所列官方来源概括；馆藏对象与当代商品、商家及商业能力之间不作归属推断。,可用于礼赠方向的文化探索，但寓意标签是策展索引，不是馆方或商家承诺。,The Met Open Access，馆藏编号 2025.460；访问日期 2026-07-30；https://www.metmuseum.org/art/collection/search/912945,draft,,true
prod_ref_025,en,"The Met records this object as “Wooden chest with print ""Gusu Beauty in Winter"" pasted inside”; its medium is recorded as: Pinewood (chest); polychrome woodblock print; ink and color on paper.","Museum date: 1767?. Cultural context is limited to the cited official source; no link to a current merchant, sale product, or fulfilment capability is asserted.","Suitable for gift-direction exploration; symbolism tags are curatorial indexes, not museum or merchant claims.","The Met Open Access, accession 2025.460; accessed 2026-07-30; https://www.metmuseum.org/art/collection/search/912945",draft,,true
prod_ref_026,zh-CN,大都会艺术博物馆将该对象记录为“书法折扇册页”相关馆藏；材质记录为：Folding fan mounted as an album leaf; ink on paper。,馆藏年代记录：Date not specified in museum record。文化背景仅按所列官方来源概括；馆藏对象与当代商品、商家及商业能力之间不作归属推断。,可用于礼赠方向的文化探索，但寓意标签是策展索引，不是馆方或商家承诺。,The Met Open Access，馆藏编号 13.100.82；访问日期 2026-07-30；https://www.metmuseum.org/art/collection/search/35993,draft,,true
prod_ref_026,en,The Met records this object as “Calligraphy”; its medium is recorded as: Folding fan mounted as an album leaf; ink on paper.,"Museum date: Date not specified in museum record. Cultural context is limited to the cited official source; no link to a current merchant, sale product, or fulfilment capability is asserted.","Suitable for gift-direction exploration; symbolism tags are curatorial indexes, not museum or merchant claims.","The Met Open Access, accession 13.100.82; accessed 2026-07-30; https://www.metmuseum.org/art/collection/search/35993",draft,,true
prod_ref_027,zh-CN,大都会艺术博物馆将该对象记录为“为茂叔作书画册”相关馆藏；材质记录为：Album of fourteen paintings and facing pages of calligraphy; ink and color on paper。,馆藏年代记录：1666–80。文化背景仅按所列官方来源概括；馆藏对象与当代商品、商家及商业能力之间不作归属推断。,可用于礼赠方向的文化探索，但寓意标签是策展索引，不是馆方或商家承诺。,The Met Open Access，馆藏编号 2015.784.7；访问日期 2026-07-30；https://www.metmuseum.org/art/collection/search/65628,draft,,true
prod_ref_027,en,The Met records this object as “Album of painting and calligraphy for Maoshu”; its medium is recorded as: Album of fourteen paintings and facing pages of calligraphy; ink and color on paper.,"Museum date: 1666–80. Cultural context is limited to the cited official source; no link to a current merchant, sale product, or fulfilment capability is asserted.","Suitable for gift-direction exploration; symbolism tags are curatorial indexes, not museum or merchant claims.","The Met Open Access, accession 2015.784.7; accessed 2026-07-30; https://www.metmuseum.org/art/collection/search/65628",draft,,true
prod_ref_028,zh-CN,大都会艺术博物馆将该对象记录为“清凉山题诗”相关馆藏；材质记录为：Hanging scroll; ink on paper。,馆藏年代记录：dated 1641。文化背景仅按所列官方来源概括；馆藏对象与当代商品、商家及商业能力之间不作归属推断。,可用于礼赠方向的文化探索，但寓意标签是策展索引，不是馆方或商家承诺。,The Met Open Access，馆藏编号 1989.363.116；访问日期 2026-07-30；https://www.metmuseum.org/art/collection/search/49029,draft,,true
prod_ref_028,en,The Met records this object as “Poem written on Mount Qingliang”; its medium is recorded as: Hanging scroll; ink on paper.,"Museum date: dated 1641. Cultural context is limited to the cited official source; no link to a current merchant, sale product, or fulfilment capability is asserted.","Suitable for gift-direction exploration; symbolism tags are curatorial indexes, not museum or merchant claims.","The Met Open Access, accession 1989.363.116; accessed 2026-07-30; https://www.metmuseum.org/art/collection/search/49029",draft,,true
prod_ref_029,zh-CN,大都会艺术博物馆将该对象记录为“隶书格言”相关馆藏；材质记录为：Hanging scroll; ink on paper。,馆藏年代记录：dated 1691。文化背景仅按所列官方来源概括；馆藏对象与当代商品、商家及商业能力之间不作归属推断。,可用于礼赠方向的文化探索，但寓意标签是策展索引，不是馆方或商家承诺。,The Met Open Access，馆藏编号 2015.784.9；访问日期 2026-07-30；https://www.metmuseum.org/art/collection/search/65630,draft,,true
prod_ref_029,en,The Met records this object as “Poetic maxim in clerical script”; its medium is recorded as: Hanging scroll; ink on paper.,"Museum date: dated 1691. Cultural context is limited to the cited official source; no link to a current merchant, sale product, or fulfilment capability is asserted.","Suitable for gift-direction exploration; symbolism tags are curatorial indexes, not museum or merchant claims.","The Met Open Access, accession 2015.784.9; accessed 2026-07-30; https://www.metmuseum.org/art/collection/search/65630",draft,,true
prod_ref_030,zh-CN,大都会艺术博物馆将该对象记录为““福”字书法”相关馆藏；材质记录为：Hanging scroll; ink on gold-flecked paper。,馆藏年代记录：18th–19th century。文化背景仅按所列官方来源概括；馆藏对象与当代商品、商家及商业能力之间不作归属推断。,可用于礼赠方向的文化探索，但寓意标签是策展索引，不是馆方或商家承诺。,The Met Open Access，馆藏编号 52.177.9；访问日期 2026-07-30；https://www.metmuseum.org/art/collection/search/51784,draft,,true
prod_ref_030,en,"The Met records this object as “Calligraphy: ""Happiness""”; its medium is recorded as: Hanging scroll; ink on gold-flecked paper.","Museum date: 18th–19th century. Cultural context is limited to the cited official source; no link to a current merchant, sale product, or fulfilment capability is asserted.","Suitable for gift-direction exploration; symbolism tags are curatorial indexes, not museum or merchant claims.","The Met Open Access, accession 52.177.9; accessed 2026-07-30; https://www.metmuseum.org/art/collection/search/51784",draft,,true
prod_wuhu_iron_guo_dashi,zh-CN,《国大师》以昂首雄鸡和舒展花藤构成画面，通过铁线、铁片与立体锻制层次，呈现出近似中国水墨画的虚实关系与刚柔对比。具体尺寸、材质与工序待手艺人确认。,芜湖铁画形成于清代康熙年间，将中国画的构图与金属锻制结合，通过锻、焊、锉、凿等技法塑造线条、纹理与层次。芜湖铁画锻制技艺于 2006 年列入第一批国家级非物质文化遗产代表性项目名录，编号 Ⅷ-39。该级别针对技艺项目，不代表本作品的作者资质或收藏状态已获认证。,文化解读：雄鸡在中国视觉文化中常令人联想到警醒、守时与昂扬向上的生命力，花藤则带来生长与延续的联想。以上为文化解读，不代表作者已确认的创作意图。,技艺背景来源：中国非物质文化遗产网 https://www.ihchina.cn/project_details/14329/；图片由合作方提供并经后期处理，非博物馆开放授权图片；作品的收藏机构、藏品编号与作者信息尚未核验。,draft,,true
prod_wuhu_iron_guo_dashi,en,"“Guo Dashi” centers on an upright rooster beneath a sweeping flowering vine. Forged metal lines, layered forms, and relief-like shadows create a visual dialogue between the strength of iron and the expressive rhythm of Chinese ink painting. Exact dimensions, materials and process remain to be confirmed by the artisan.","Wuhu iron painting developed into a distinct craft during the Kangxi period of the Qing dynasty, combining the composition of Chinese painting with metal forging. Wuhu Iron Painting Forging Techniques entered China's first national list of representative intangible cultural heritage projects in 2006, as project VIII-39. That listing covers the craft tradition, not the authorship or collection status of this particular work.","Cultural interpretation: in Chinese visual culture the rooster is often associated with alertness, vitality and an uplifting spirit, while the climbing vine suggests growth and continuity. These are interpretations rather than a confirmed statement of the artist's intent.","Craft background: China Intangible Cultural Heritage Network, https://www.ihchina.cn/project_details/14329/. The image was supplied by a partner and has been post-processed; it is not an open-licence museum image. The holding institution, accession number and authorship of this work are not yet verified.",draft,,true
