product_id,merchant_id,heritage_id,sku,product_name_zh,product_name_en,price_min_fen,price_max_fen,min_order_qty,recommended_max_qty,demo_max_order_qty,lead_time_days,dimensions_text,material_text,image_path,image_alt_zh,reference_source_url,image_license,category_code,region_code,price_tier,source_product_url,source_culture_url,source_merchant_url,source_type,source_accessed_at,source_status,verification_status,merchant_fact_status,commercial_data_status,cultural_data_status,image_status,image_attribution,data_quality_level,catalog_role,recipient_tags,occasion_tags,style_tags,meaning_tags,supports_international_shipping,shipping_note,status,data_version,is_demo,demo_disclaimer
prod_demo_001,mer_demo_feiyi,heritage_demo_lacquer,HL-LAC-001,馆藏灵感·雕漆卷草纹盒,Heritage-Inspired Box with pommel scroll,98000,128000,1,20,50,21,方案规格约 14 × 14 × 6 厘米；参考图馆藏尺寸：H. 3.8 cm; Diam. 12.7 cm,方案材质：漆艺复合胎体与装饰漆层；参考图馆藏材质：Carved red and black lacquer,assets/catalog/products/met-39646.jpg,雕漆卷草纹盒产品参考图,https://www.metmuseum.org/art/collection/search/39646,CC0 1.0 / Public Domain,lacquer,中国（馆藏文化参考）,business,https://www.metmuseum.org/art/collection/search/39646,https://www.metmuseum.org/art/collection/search/39646,,museum_open_collection,2026-07-17,source_verified,reference_verified_commercial_unverified,pending_verification,demo_assumption,verified_public_cultural_fact,open_access_local_copy,"The Metropolitan Museum of Art, Open Access",C,recommendation_demo,"[""business_partner"",""institution""]","[""business_gift"",""commemoration""]","[""traditional"",""grand"",""elegant""]","[""heritage"",""prosperity""]",true,支持国际运输方案评估；包装、费用与合规要求由商家确认。,active,2026-07-17.2,true,MVP演示数据
prod_demo_002,mer_demo_feiyi,heritage_demo_lacquer,HL-LAC-002,馆藏灵感·剔犀香盒,Heritage-Inspired Incense Box,68000,88000,1,30,80,14,方案规格约 10 × 10 × 5 厘米；参考图馆藏尺寸：H. 3.2 cm; Diam. 8.6 cm,方案材质：漆艺复合胎体与装饰漆层；参考图馆藏材质：Carved lacquer,assets/catalog/products/met-57780.jpg,剔犀香盒产品参考图,https://www.metmuseum.org/art/collection/search/57780,CC0 1.0 / Public Domain,lacquer,中国（馆藏文化参考）,mid,https://www.metmuseum.org/art/collection/search/57780,https://www.metmuseum.org/art/collection/search/57780,,museum_open_collection,2026-07-17,source_verified,reference_verified_commercial_unverified,pending_verification,demo_assumption,verified_public_cultural_fact,open_access_local_copy,"The Metropolitan Museum of Art, Open Access",C,recommendation_demo,"[""elder"",""business_partner""]","[""birthday"",""business_gift""]","[""traditional"",""elegant""]","[""blessing"",""longevity"",""harmony""]",true,支持国际运输方案评估；包装、费用与合规要求由商家确认。,active,2026-07-17.2,true,MVP演示数据
prod_demo_003,mer_demo_feiyi,heritage_demo_lacquer,HL-LAC-003,馆藏灵感·雕漆山茶花纹盒,Heritage-Inspired Box with camellia,45000,65000,2,50,120,12,方案规格约 12 × 12 × 5 厘米；参考图馆藏尺寸：H. 3.5 cm; Diam. 10.2 cm,方案材质：漆艺复合胎体与装饰漆层；参考图馆藏材质：Carved red and green lacquer,assets/catalog/products/met-60910.jpg,雕漆山茶花纹盒产品参考图,https://www.metmuseum.org/art/collection/search/60910,CC0 1.0 / Public Domain,lacquer,中国（馆藏文化参考）,mid,https://www.metmuseum.org/art/collection/search/60910,https://www.metmuseum.org/art/collection/search/60910,,museum_open_collection,2026-07-17,source_verified,reference_verified_commercial_unverified,pending_verification,demo_assumption,verified_public_cultural_fact,open_access_local_copy,"The Metropolitan Museum of Art, Open Access",C,recommendation_demo,"[""friend"",""business_partner""]","[""business_gift"",""housewarming""]","[""modern"",""minimal""]","[""resilience"",""blessing""]",true,支持国际运输方案评估；包装、费用与合规要求由商家确认。,active,2026-07-17.2,true,MVP演示数据
prod_demo_004,mer_demo_feiyi,heritage_demo_lacquer,HL-LAC-004,馆藏灵感·漆绘花鸟提篮盒,Heritage-Inspired Box with gardenia plum blossoms and finches,76000,98000,1,20,60,18,方案规格约 32 × 22 × 12 厘米；参考图馆藏尺寸：H. 11.4 cm; W. 46.7 cm; D. 30.5 cm,方案材质：漆艺复合胎体与装饰漆层；参考图馆藏材质：Black lacquer painted with lacquer and oil-based pigments; basketry panels,assets/catalog/products/met-40266.jpg,漆绘花鸟提篮盒产品参考图,https://www.metmuseum.org/art/collection/search/40266,CC0 1.0 / Public Domain,lacquer,中国（馆藏文化参考）,mid,https://www.metmuseum.org/art/collection/search/40266,https://www.metmuseum.org/art/collection/search/40266,,museum_open_collection,2026-07-17,source_verified,reference_verified_commercial_unverified,pending_verification,demo_assumption,verified_public_cultural_fact,open_access_local_copy,"The Metropolitan Museum of Art, Open Access",C,recommendation_demo,"[""newlywed"",""family""]","[""wedding"",""anniversary""]","[""traditional"",""festive"",""elegant""]","[""harmony"",""blessing"",""union""]",false,当前方案仅支持境内交付评估；国际运输需另行确认。,active,2026-07-17.2,true,MVP演示数据
prod_demo_005,mer_demo_feiyi,heritage_demo_lacquer,HL-LAC-005,馆藏灵感·雕漆庭院人物盘,Heritage-Inspired Tray with women and boys on a garden terrace,58000,78000,1,40,100,15,方案规格直径约 30 厘米；参考图馆藏尺寸：H. 6 cm; Diam. 55.6 cm,方案材质：漆艺复合胎体与装饰漆层；参考图馆藏材质：Carved red lacquer,assets/catalog/products/met-40215.jpg,雕漆庭院人物盘产品参考图,https://www.metmuseum.org/art/collection/search/40215,CC0 1.0 / Public Domain,lacquer,中国（馆藏文化参考）,mid,https://www.metmuseum.org/art/collection/search/40215,https://www.metmuseum.org/art/collection/search/40215,,museum_open_collection,2026-07-17,source_verified,reference_verified_commercial_unverified,pending_verification,demo_assumption,verified_public_cultural_fact,open_access_local_copy,"The Metropolitan Museum of Art, Open Access",C,recommendation_demo,"[""family"",""friend""]","[""housewarming"",""festival""]","[""traditional"",""warm"",""elegant""]","[""blessing"",""harmony"",""prosperity""]",true,支持国际运输方案评估；包装、费用与合规要求由商家确认。,active,2026-07-17.2,true,MVP演示数据
prod_demo_006,mer_demo_feiyi,heritage_demo_longquan,HL-CEL-006,馆藏灵感·龙泉青瓷莲纹大盘,Heritage-Inspired Plate with Lotus,28000,38000,5,100,300,10,方案规格直径约 22 厘米；参考图馆藏尺寸：Diam. 41.6 cm,方案材质：陶瓷胎与青釉；参考图馆藏材质：Porcelain with incised decoration under celadon glaze,assets/catalog/products/met-50716.jpg,龙泉青瓷莲纹大盘产品参考图,https://www.metmuseum.org/art/collection/search/50716,CC0 1.0 / Public Domain,ceramics,中国（馆藏文化参考）,entry,https://www.metmuseum.org/art/collection/search/50716,https://www.metmuseum.org/art/collection/search/50716,,museum_open_collection,2026-07-17,source_verified,reference_verified_commercial_unverified,pending_verification,demo_assumption,verified_public_cultural_fact,open_access_local_copy,"The Metropolitan Museum of Art, Open Access",C,recommendation_demo,"[""employee"",""teacher"",""business_partner""]","[""business_gift"",""graduation"",""appreciation""]","[""modern"",""minimal""]","[""heritage"",""gratitude""]",true,支持国际运输方案评估；包装、费用与合规要求由商家确认。,active,2026-07-17.2,true,MVP演示数据
prod_demo_007,mer_demo_feiyi,heritage_demo_longquan,HL-CEL-007,馆藏灵感·龙泉青瓷莲纹笔洗,Heritage-Inspired Brush washer with lotus,188000,258000,1,5,10,35,方案规格约 16 × 16 × 6 厘米；参考图馆藏尺寸：H. 3.8 cm; Diam. 13.3 cm,方案材质：陶瓷胎与青釉；参考图馆藏材质：Stoneware with incised decoration under a celadon glaze,assets/catalog/products/met-52074.jpg,龙泉青瓷莲纹笔洗产品参考图,https://www.metmuseum.org/art/collection/search/52074,CC0 1.0 / Public Domain,ceramics,中国（馆藏文化参考）,business,https://www.metmuseum.org/art/collection/search/52074,https://www.metmuseum.org/art/collection/search/52074,,museum_open_collection,2026-07-17,source_verified,reference_verified_commercial_unverified,pending_verification,demo_assumption,verified_public_cultural_fact,open_access_local_copy,"The Metropolitan Museum of Art, Open Access",C,recommendation_demo,"[""collector"",""institution""]","[""collection"",""exhibition""]","[""traditional"",""grand""]","[""heritage"",""remembrance""]",false,当前方案仅支持境内交付评估；国际运输需另行确认。,active,2026-07-17.2,true,MVP演示数据
prod_demo_008,mer_demo_feiyi,heritage_demo_longquan,HL-CEL-008,馆藏灵感·龙泉青瓷茶碗,Heritage-Inspired Tea bowl,88000,118000,3,30,80,20,方案规格约 12 × 12 × 8 厘米；参考图馆藏尺寸：H. 4.8 cm; Diam. 12.7 cm,方案材质：陶瓷胎与青釉；参考图馆藏材质：Stoneware with celadon glaze and gold lacquer repairs,assets/catalog/products/met-48373.jpg,龙泉青瓷茶碗产品参考图,https://www.metmuseum.org/art/collection/search/48373,CC0 1.0 / Public Domain,ceramics,中国（馆藏文化参考）,business,https://www.metmuseum.org/art/collection/search/48373,https://www.metmuseum.org/art/collection/search/48373,,museum_open_collection,2026-07-17,source_verified,reference_verified_commercial_unverified,pending_verification,demo_assumption,verified_public_cultural_fact,open_access_local_copy,"The Metropolitan Museum of Art, Open Access",C,recommendation_demo,"[""institution"",""business_partner""]","[""commemoration"",""business_gift""]","[""modern"",""elegant""]","[""remembrance"",""heritage"",""gratitude""]",true,支持国际运输方案评估；包装、费用与合规要求由商家确认。,active,2026-07-17.2,true,MVP演示数据
prod_demo_009,mer_demo_feiyi,heritage_demo_longquan,HL-CEL-009,馆藏灵感·龙泉青瓷琮式瓶,Heritage-Inspired Quadrangular vase in the shape of a Neolithic cong,128000,168000,1,15,30,28,方案规格高约 26 厘米；参考图馆藏尺寸：H. 26.4 cm; W. 10.2 cm; D. 10.2 cm,方案材质：陶瓷胎与青釉；参考图馆藏材质：Stoneware with celadon glaze,assets/catalog/products/met-73676.jpg,龙泉青瓷琮式瓶产品参考图,https://www.metmuseum.org/art/collection/search/73676,CC0 1.0 / Public Domain,ceramics,中国（馆藏文化参考）,business,https://www.metmuseum.org/art/collection/search/73676,https://www.metmuseum.org/art/collection/search/73676,,museum_open_collection,2026-07-17,source_verified,reference_verified_commercial_unverified,pending_verification,demo_assumption,verified_public_cultural_fact,open_access_local_copy,"The Metropolitan Museum of Art, Open Access",C,recommendation_demo,"[""institution"",""collector""]","[""commemoration"",""collection""]","[""traditional"",""grand"",""elegant""]","[""heritage"",""remembrance""]",false,当前方案仅支持境内交付评估；国际运输需另行确认。,active,2026-07-17.2,true,MVP演示数据
prod_demo_010,mer_demo_feiyi,heritage_demo_longquan,HL-CEL-010,馆藏灵感·龙泉青瓷牡丹纹盘,Heritage-Inspired Dish with Peonies,48000,68000,2,40,80,16,方案规格直径约 28 厘米；参考图馆藏尺寸：H. 8.9 cm; Diam. 50.8 cm; foot Diam. 27.9 cm,方案材质：陶瓷胎与青釉；参考图馆藏材质：Stoneware with incised decoration under celadon glaze,assets/catalog/products/met-42514.jpg,龙泉青瓷牡丹纹盘产品参考图,https://www.metmuseum.org/art/collection/search/42514,CC0 1.0 / Public Domain,ceramics,中国（馆藏文化参考）,mid,https://www.metmuseum.org/art/collection/search/42514,https://www.metmuseum.org/art/collection/search/42514,,museum_open_collection,2026-07-17,source_verified,reference_verified_commercial_unverified,pending_verification,demo_assumption,verified_public_cultural_fact,open_access_local_copy,"The Metropolitan Museum of Art, Open Access",C,recommendation_demo,"[""family"",""friend"",""newlywed""]","[""housewarming"",""wedding"",""festival""]","[""traditional"",""elegant"",""warm""]","[""harmony"",""blessing"",""union""]",true,支持国际运输方案评估；包装、费用与合规要求由商家确认。,active,2026-07-17.2,true,MVP演示数据
prod_demo_011,mer_demo_feiyi,heritage_demo_textile,HL-TEX-011,馆藏灵感·广州外销刺绣帷饰,Heritage-Inspired Chinese Palampore,168000,228000,1,4,10,40,方案规格约 180 × 120 厘米；参考图馆藏尺寸：274.3 x 228.6 cm,方案材质：丝织或刺绣面料与装裱辅材；参考图馆藏材质：Silk satin embroidered with silk,assets/catalog/products/met-69860.jpg,广州外销刺绣帷饰产品参考图,https://www.metmuseum.org/art/collection/search/69860,CC0 1.0 / Public Domain,textile,中国（馆藏文化参考）,business,https://www.metmuseum.org/art/collection/search/69860,https://www.metmuseum.org/art/collection/search/69860,,museum_open_collection,2026-07-17,source_verified,reference_verified_commercial_unverified,pending_verification,demo_assumption,verified_public_cultural_fact,open_access_local_copy,"The Metropolitan Museum of Art, Open Access",C,recommendation_demo,"[""collector"",""institution""]","[""exhibition"",""collection""]","[""traditional"",""grand""]","[""heritage"",""remembrance""]",false,当前方案仅支持境内交付评估；国际运输需另行确认。,active,2026-07-17.2,true,MVP演示数据
prod_demo_012,mer_demo_feiyi,heritage_demo_textile,HL-TEX-012,馆藏灵感·中国丝织拼接面料,Heritage-Inspired Fabric,36000,52000,5,100,200,14,方案规格约 50 × 50 厘米；参考图馆藏尺寸：H. 114.2 cm,方案材质：丝织或刺绣面料与装裱辅材；参考图馆藏材质：Silk,assets/catalog/products/met-461250.jpg,中国丝织拼接面料产品参考图,https://www.metmuseum.org/art/collection/search/461250,CC0 1.0 / Public Domain,textile,中国（馆藏文化参考）,mid,https://www.metmuseum.org/art/collection/search/461250,https://www.metmuseum.org/art/collection/search/461250,,museum_open_collection,2026-07-17,source_verified,reference_verified_commercial_unverified,pending_verification,demo_assumption,verified_public_cultural_fact,open_access_local_copy,"The Metropolitan Museum of Art, Open Access",C,recommendation_demo,"[""employee"",""friend"",""business_partner""]","[""appreciation"",""business_gift""]","[""modern"",""elegant""]","[""gratitude"",""heritage""]",true,支持国际运输方案评估；包装、费用与合规要求由商家确认。,active,2026-07-17.2,true,MVP演示数据
prod_demo_013,mer_demo_feiyi,heritage_demo_textile,HL-TEX-013,馆藏灵感·八仙祝寿刺绣挂屏,Heritage-Inspired Panel with immortals,198000,268000,1,4,8,45,方案规格约 120 × 80 厘米；参考图馆藏尺寸：H. 184.2 cm; W. 116.8 cm; D. 1.75 cm,方案材质：丝织或刺绣面料与装裱辅材；参考图馆藏材质：Silk and metal thread embroidery on silk satin,assets/catalog/products/met-68527.jpg,八仙祝寿刺绣挂屏产品参考图,https://www.metmuseum.org/art/collection/search/68527,CC0 1.0 / Public Domain,textile,中国（馆藏文化参考）,business,https://www.metmuseum.org/art/collection/search/68527,https://www.metmuseum.org/art/collection/search/68527,,museum_open_collection,2026-07-17,source_verified,reference_verified_commercial_unverified,pending_verification,demo_assumption,verified_public_cultural_fact,open_access_local_copy,"The Metropolitan Museum of Art, Open Access",C,recommendation_demo,"[""elder"",""institution"",""collector""]","[""birthday"",""collection"",""commemoration""]","[""traditional"",""grand""]","[""longevity"",""blessing"",""heritage""]",false,当前方案仅支持境内交付评估；国际运输需另行确认。,active,2026-07-17.2,true,MVP演示数据
prod_demo_014,mer_demo_feiyi,heritage_demo_textile,HL-TEX-014,馆藏灵感·鹤纹红绸织物,Heritage-Inspired Panel with crane pattern,68000,98000,2,30,60,22,方案规格约 70 × 45 厘米；参考图馆藏尺寸：H. 264.4 cm,方案材质：丝织或刺绣面料与装裱辅材；参考图馆藏材质：Red silk,assets/catalog/products/met-460786.jpg,鹤纹红绸织物产品参考图,https://www.metmuseum.org/art/collection/search/460786,CC0 1.0 / Public Domain,textile,中国（馆藏文化参考）,mid,https://www.metmuseum.org/art/collection/search/460786,https://www.metmuseum.org/art/collection/search/460786,,museum_open_collection,2026-07-17,source_verified,reference_verified_commercial_unverified,pending_verification,demo_assumption,verified_public_cultural_fact,open_access_local_copy,"The Metropolitan Museum of Art, Open Access",C,recommendation_demo,"[""elder"",""business_partner""]","[""birthday"",""business_gift""]","[""festive"",""elegant""]","[""longevity"",""blessing""]",true,支持国际运输方案评估；包装、费用与合规要求由商家确认。,active,2026-07-17.2,true,MVP演示数据
prod_demo_015,mer_demo_feiyi,heritage_demo_textile,HL-TEX-015,馆藏灵感·对鸟纹丝绣织物,Heritage-Inspired Textile with confronted birds,58000,78000,2,40,80,20,方案规格约 60 × 40 厘米；参考图馆藏尺寸：31.1 x 30.8 cm,方案材质：丝织或刺绣面料与装裱辅材；参考图馆藏材质：Silk embroidery on plain weave silk,assets/catalog/products/met-39596.jpg,对鸟纹丝绣织物产品参考图,https://www.metmuseum.org/art/collection/search/39596,CC0 1.0 / Public Domain,textile,中国（馆藏文化参考）,mid,https://www.metmuseum.org/art/collection/search/39596,https://www.metmuseum.org/art/collection/search/39596,,museum_open_collection,2026-07-17,source_verified,reference_verified_commercial_unverified,pending_verification,demo_assumption,verified_public_cultural_fact,open_access_local_copy,"The Metropolitan Museum of Art, Open Access",C,recommendation_demo,"[""newlywed"",""friend""]","[""wedding"",""anniversary""]","[""elegant"",""warm""]","[""union"",""harmony""]",true,支持国际运输方案评估；包装、费用与合规要求由商家确认。,active,2026-07-17.2,true,MVP演示数据
prod_demo_016,mer_demo_feiyi,heritage_demo_jade,HL-JAD-016,馆藏灵感·环形玉龙佩,Heritage-Inspired Knotted dragon pendant,88000,128000,2,25,50,24,方案规格约 8 × 8 厘米；参考图馆藏尺寸：待补充,方案材质：玉石类雕刻材料与礼盒辅材；参考图馆藏材质：Jade,assets/catalog/products/met-39637.jpg,环形玉龙佩产品参考图,https://www.metmuseum.org/art/collection/search/39637,CC0 1.0 / Public Domain,jade,中国（馆藏文化参考）,business,https://www.metmuseum.org/art/collection/search/39637,https://www.metmuseum.org/art/collection/search/39637,,museum_open_collection,2026-07-17,source_verified,reference_verified_commercial_unverified,pending_verification,demo_assumption,verified_public_cultural_fact,open_access_local_copy,"The Metropolitan Museum of Art, Open Access",C,recommendation_demo,"[""business_partner"",""friend"",""collector""]","[""business_gift"",""commemoration"",""collection""]","[""traditional"",""elegant""]","[""prosperity"",""heritage""]",true,支持国际运输方案评估；包装、费用与合规要求由商家确认。,active,2026-07-17.2,true,MVP演示数据
prod_demo_017,mer_demo_feiyi,heritage_demo_jade,HL-JAD-017,馆藏灵感·十二生肖玉雕组,Heritage-Inspired Twelve animals of the Chinese zodiac,238000,298000,1,6,15,35,方案规格单件高约 6 厘米，共十二件；参考图馆藏尺寸：each approx. H. 5.7 cm; W. 4.4 cm,方案材质：玉石类雕刻材料与礼盒辅材；参考图馆藏材质：Jade (nephrite),assets/catalog/products/met-42102.jpg,十二生肖玉雕组产品参考图,https://www.metmuseum.org/art/collection/search/42102,CC0 1.0 / Public Domain,jade,中国（馆藏文化参考）,high,https://www.metmuseum.org/art/collection/search/42102,https://www.metmuseum.org/art/collection/search/42102,,museum_open_collection,2026-07-17,source_verified,reference_verified_commercial_unverified,pending_verification,demo_assumption,verified_public_cultural_fact,open_access_local_copy,"The Metropolitan Museum of Art, Open Access",C,recommendation_demo,"[""family"",""institution"",""collector""]","[""festival"",""collection""]","[""traditional"",""grand""]","[""heritage"",""prosperity""]",false,当前方案仅支持境内交付评估；国际运输需另行确认。,active,2026-07-17.2,true,MVP演示数据
prod_demo_018,mer_demo_feiyi,heritage_demo_jade,HL-JAD-018,馆藏灵感·白玉香盒,Heritage-Inspired Covered box from an incense set,78000,108000,2,20,40,26,方案规格约 8 × 8 × 5 厘米；参考图馆藏尺寸：H. 3.8 cm; Diam. 6.4 cm,方案材质：玉石类雕刻材料与礼盒辅材；参考图馆藏材质：Jade (nephrite),assets/catalog/products/met-42154.jpg,白玉香盒产品参考图,https://www.metmuseum.org/art/collection/search/42154,CC0 1.0 / Public Domain,jade,中国（馆藏文化参考）,mid,https://www.metmuseum.org/art/collection/search/42154,https://www.metmuseum.org/art/collection/search/42154,,museum_open_collection,2026-07-17,source_verified,reference_verified_commercial_unverified,pending_verification,demo_assumption,verified_public_cultural_fact,open_access_local_copy,"The Metropolitan Museum of Art, Open Access",C,recommendation_demo,"[""elder"",""friend""]","[""birthday"",""festival""]","[""elegant"",""minimal""]","[""harmony"",""blessing""]",true,支持国际运输方案评估；包装、费用与合规要求由商家确认。,active,2026-07-17.2,true,MVP演示数据
prod_demo_019,mer_demo_feiyi,heritage_demo_jade,HL-JAD-019,馆藏灵感·白玉带盖香炉,Heritage-Inspired Incense burner with cover,198000,268000,1,5,12,38,方案规格高约 16 厘米；参考图馆藏尺寸：H. 8.6 cm; Diam. 12.1 cm,方案材质：玉石类雕刻材料与礼盒辅材；参考图馆藏材质：Jade (nephrite),assets/catalog/products/met-42153.jpg,白玉带盖香炉产品参考图,https://www.metmuseum.org/art/collection/search/42153,CC0 1.0 / Public Domain,jade,中国（馆藏文化参考）,business,https://www.metmuseum.org/art/collection/search/42153,https://www.metmuseum.org/art/collection/search/42153,,museum_open_collection,2026-07-17,source_verified,reference_verified_commercial_unverified,pending_verification,demo_assumption,verified_public_cultural_fact,open_access_local_copy,"The Metropolitan Museum of Art, Open Access",C,recommendation_demo,"[""collector"",""institution""]","[""collection"",""exhibition""]","[""traditional"",""grand""]","[""heritage"",""remembrance""]",false,当前方案仅支持境内交付评估；国际运输需另行确认。,active,2026-07-17.2,true,MVP演示数据
prod_demo_020,mer_demo_feiyi,heritage_demo_jade,HL-JAD-020,馆藏灵感·童子水牛玉雕,Heritage-Inspired Boy with water buffalo,128000,188000,1,8,20,30,方案规格约 20 × 14 × 15 厘米；参考图馆藏尺寸：H. 13.2 cm; W. 10.6 cm; L. 18.5 cm,方案材质：玉石类雕刻材料与礼盒辅材；参考图馆藏材质：Jade (nephrite),assets/catalog/products/met-41918.jpg,童子水牛玉雕产品参考图,https://www.metmuseum.org/art/collection/search/41918,CC0 1.0 / Public Domain,jade,中国（馆藏文化参考）,business,https://www.metmuseum.org/art/collection/search/41918,https://www.metmuseum.org/art/collection/search/41918,,museum_open_collection,2026-07-17,source_verified,reference_verified_commercial_unverified,pending_verification,demo_assumption,verified_public_cultural_fact,open_access_local_copy,"The Metropolitan Museum of Art, Open Access",C,recommendation_demo,"[""family"",""business_partner"",""collector""]","[""housewarming"",""business_gift"",""collection""]","[""warm"",""traditional""]","[""prosperity"",""blessing""]",true,支持国际运输方案评估；包装、费用与合规要求由商家确认。,active,2026-07-17.2,true,MVP演示数据
prod_ref_001,mer_demo_feiyi,heritage_ref_fan,REF-MET-41482,馆藏参考｜鱼网纹折扇,Museum reference | Folding Fan with Fishing Net Decoration,20000,30000,1,,,30,11 7/8 × 9 1/2 × 1/2 in. (30.2 × 24.1 × 1.3 cm),Folding fan; ink on gold-flecked paper and gold-flecked lacquered bamboo fan bones and end pieces,assets/catalog/products/met-41482.jpg,大都会艺术博物馆开放馆藏：鱼网纹折扇,https://www.metmuseum.org/art/collection/search/41482,CC0 1.0 / Public Domain,fan,中国（全国性文化语境）,entry,https://www.metmuseum.org/art/collection/search/41482,https://ich.unesco.org/en/RL/chinese-calligraphy-00216,,museum_open_collection,2026-07-30,source_verified,catalog_reference_only,pending_verification,demo_assumption,verified_public_cultural_fact,open_access_local_copy,"The Metropolitan Museum of Art, Open Access",C,catalog_reference,"[""friend"", ""teacher"", ""overseas_partner""]","[""academic_visit"", ""conference_gift"", ""festival""]","[""elegant"", ""literati"", ""portable""]","[""friendship"", ""wisdom"", ""landscape""]",false,馆藏参考，不是销售商品；运输、价格、产能和交付均待真实商家确认。,inactive,2026-07-30.1,true,MVP演示数据｜馆藏参考，不可下单且不参与正式推荐
prod_ref_002,mer_demo_feiyi,heritage_ref_fan,REF-MET-51770,馆藏参考｜折扇,Museum reference | Fan,50000,80000,1,,,30,H. (sticks) 12 1/4 in. (31.1 cm); W. (open) 20 in. (50.8 cm),Folding fan; ink and color on paper,assets/catalog/products/met-51770.jpg,大都会艺术博物馆开放馆藏：折扇,https://www.metmuseum.org/art/collection/search/51770,CC0 1.0 / Public Domain,fan,中国（全国性文化语境）,mid,https://www.metmuseum.org/art/collection/search/51770,https://ich.unesco.org/en/RL/chinese-calligraphy-00216,,museum_open_collection,2026-07-30,source_verified,catalog_reference_only,pending_verification,demo_assumption,verified_public_cultural_fact,open_access_local_copy,"The Metropolitan Museum of Art, Open Access",C,catalog_reference,"[""friend"", ""teacher"", ""overseas_partner""]","[""academic_visit"", ""conference_gift"", ""festival""]","[""elegant"", ""literati"", ""portable""]","[""friendship"", ""wisdom"", ""landscape""]",false,馆藏参考，不是销售商品；运输、价格、产能和交付均待真实商家确认。,inactive,2026-07-30.1,true,MVP演示数据｜馆藏参考，不可下单且不参与正式推荐
prod_ref_003,mer_demo_feiyi,heritage_ref_fan,REF-MET-51536,馆藏参考｜折扇册页,Museum reference | Fan,120000,180000,1,,,30,L. 19 1/2 in. (49.5 cm),Folding fan mounted as an album leaf; gold paper,assets/catalog/products/met-51536.jpg,大都会艺术博物馆开放馆藏：折扇册页,https://www.metmuseum.org/art/collection/search/51536,CC0 1.0 / Public Domain,fan,中国（全国性文化语境）,business,https://www.metmuseum.org/art/collection/search/51536,https://ich.unesco.org/en/RL/chinese-calligraphy-00216,,museum_open_collection,2026-07-30,source_verified,catalog_reference_only,pending_verification,demo_assumption,verified_public_cultural_fact,open_access_local_copy,"The Metropolitan Museum of Art, Open Access",C,catalog_reference,"[""friend"", ""teacher"", ""overseas_partner""]","[""academic_visit"", ""conference_gift"", ""festival""]","[""elegant"", ""literati"", ""portable""]","[""friendship"", ""wisdom"", ""landscape""]",false,馆藏参考，不是销售商品；运输、价格、产能和交付均待真实商家确认。,inactive,2026-07-30.1,true,MVP演示数据｜馆藏参考，不可下单且不参与正式推荐
prod_ref_004,mer_demo_feiyi,heritage_ref_fan,REF-MET-35990,馆藏参考｜青崖红枫图折扇,Museum reference | Azure Cliff with Red Maples,300000,450000,1,,,30,6 3/8 × 18 3/4 in. (16.2 × 47.6 cm),Folding fan mounted as an album leaf; ink and color on paper,assets/catalog/products/met-35990.jpg,大都会艺术博物馆开放馆藏：青崖红枫图折扇,https://www.metmuseum.org/art/collection/search/35990,CC0 1.0 / Public Domain,fan,中国（全国性文化语境）,high,https://www.metmuseum.org/art/collection/search/35990,https://ich.unesco.org/en/RL/chinese-calligraphy-00216,,museum_open_collection,2026-07-30,source_verified,catalog_reference_only,pending_verification,demo_assumption,verified_public_cultural_fact,open_access_local_copy,"The Metropolitan Museum of Art, Open Access",C,catalog_reference,"[""friend"", ""teacher"", ""overseas_partner""]","[""academic_visit"", ""conference_gift"", ""festival""]","[""elegant"", ""literati"", ""portable""]","[""friendship"", ""wisdom"", ""landscape""]",false,馆藏参考，不是销售商品；运输、价格、产能和交付均待真实商家确认。,inactive,2026-07-30.1,true,MVP演示数据｜馆藏参考，不可下单且不参与正式推荐
prod_ref_005,mer_demo_feiyi,heritage_ref_fan,REF-MET-36000,馆藏参考｜江景图折扇,Museum reference | River landscape,600000,800000,1,,,30,6 3/8 x 19 3/4 in. (16.2 x 50.2 cm),Folding fan mounted as an album leaf; ink on paper,assets/catalog/products/met-36000.jpg,大都会艺术博物馆开放馆藏：江景图折扇,https://www.metmuseum.org/art/collection/search/36000,CC0 1.0 / Public Domain,fan,中国（全国性文化语境）,collector,https://www.metmuseum.org/art/collection/search/36000,https://ich.unesco.org/en/RL/chinese-calligraphy-00216,,museum_open_collection,2026-07-30,source_verified,catalog_reference_only,pending_verification,demo_assumption,verified_public_cultural_fact,open_access_local_copy,"The Metropolitan Museum of Art, Open Access",C,catalog_reference,"[""friend"", ""teacher"", ""overseas_partner""]","[""academic_visit"", ""conference_gift"", ""festival""]","[""elegant"", ""literati"", ""portable""]","[""friendship"", ""wisdom"", ""landscape""]",false,馆藏参考，不是销售商品；运输、价格、产能和交付均待真实商家确认。,inactive,2026-07-30.1,true,MVP演示数据｜馆藏参考，不可下单且不参与正式推荐
prod_ref_006,mer_demo_feiyi,heritage_ref_seal,REF-MET-40995,馆藏参考｜青玉印,Museum reference | Seal,20000,30000,1,,,30,Diam. 4 5/8 in. (11.7 cm),Green jade,assets/catalog/products/met-40995.jpg,大都会艺术博物馆开放馆藏：青玉印,https://www.metmuseum.org/art/collection/search/40995,CC0 1.0 / Public Domain,seal,浙江（印章艺术文化语境）,entry,https://www.metmuseum.org/art/collection/search/40995,https://ich.unesco.org/en/RL/art-of-chinese-seal-engraving-00217,,museum_open_collection,2026-07-30,source_verified,catalog_reference_only,pending_verification,demo_assumption,verified_public_cultural_fact,open_access_local_copy,"The Metropolitan Museum of Art, Open Access",C,catalog_reference,"[""collector"", ""teacher"", ""institution""]","[""collection"", ""honor_commemoration"", ""academic_visit""]","[""traditional"", ""literati"", ""collectible""]","[""heritage"", ""wisdom"", ""remembrance""]",false,馆藏参考，不是销售商品；运输、价格、产能和交付均待真实商家确认。,inactive,2026-07-30.1,true,MVP演示数据｜馆藏参考，不可下单且不参与正式推荐
prod_ref_007,mer_demo_feiyi,heritage_ref_seal,REF-MET-41006,馆藏参考｜灰玉印,Museum reference | Seal,50000,80000,1,,,30,Diam. 4 in. (10.2 cm),Gray jade,assets/catalog/products/met-41006.jpg,大都会艺术博物馆开放馆藏：灰玉印,https://www.metmuseum.org/art/collection/search/41006,CC0 1.0 / Public Domain,seal,浙江（印章艺术文化语境）,mid,https://www.metmuseum.org/art/collection/search/41006,https://ich.unesco.org/en/RL/art-of-chinese-seal-engraving-00217,,museum_open_collection,2026-07-30,source_verified,catalog_reference_only,pending_verification,demo_assumption,verified_public_cultural_fact,open_access_local_copy,"The Metropolitan Museum of Art, Open Access",C,catalog_reference,"[""collector"", ""teacher"", ""institution""]","[""collection"", ""honor_commemoration"", ""academic_visit""]","[""traditional"", ""literati"", ""collectible""]","[""heritage"", ""wisdom"", ""remembrance""]",false,馆藏参考，不是销售商品；运输、价格、产能和交付均待真实商家确认。,inactive,2026-07-30.1,true,MVP演示数据｜馆藏参考，不可下单且不参与正式推荐
prod_ref_008,mer_demo_feiyi,heritage_ref_seal,REF-MET-41055,馆藏参考｜鲍文玉印,Museum reference | Seal,120000,180000,1,,,30,H. 1 3/16 in. (3 cm); W. 5/8 in. (1.6 cm); L. 3 3/16 in. (8.1 cm),Bowenite,assets/catalog/products/met-41055.jpg,大都会艺术博物馆开放馆藏：鲍文玉印,https://www.metmuseum.org/art/collection/search/41055,CC0 1.0 / Public Domain,seal,浙江（印章艺术文化语境）,business,https://www.metmuseum.org/art/collection/search/41055,https://ich.unesco.org/en/RL/art-of-chinese-seal-engraving-00217,,museum_open_collection,2026-07-30,source_verified,catalog_reference_only,pending_verification,demo_assumption,verified_public_cultural_fact,open_access_local_copy,"The Metropolitan Museum of Art, Open Access",C,catalog_reference,"[""collector"", ""teacher"", ""institution""]","[""collection"", ""honor_commemoration"", ""academic_visit""]","[""traditional"", ""literati"", ""collectible""]","[""heritage"", ""wisdom"", ""remembrance""]",false,馆藏参考，不是销售商品；运输、价格、产能和交付均待真实商家确认。,inactive,2026-07-30.1,true,MVP演示数据｜馆藏参考，不可下单且不参与正式推荐
prod_ref_009,mer_demo_feiyi,heritage_ref_seal,REF-MET-41002,馆藏参考｜玉印,Museum reference | Seal,300000,450000,1,,,30,H. 4 in. (10.2 cm); W. 4 in. (10.2 cm),Jade,assets/catalog/products/met-41002.jpg,大都会艺术博物馆开放馆藏：玉印,https://www.metmuseum.org/art/collection/search/41002,CC0 1.0 / Public Domain,seal,浙江（印章艺术文化语境）,high,https://www.metmuseum.org/art/collection/search/41002,https://ich.unesco.org/en/RL/art-of-chinese-seal-engraving-00217,,museum_open_collection,2026-07-30,source_verified,catalog_reference_only,pending_verification,demo_assumption,verified_public_cultural_fact,open_access_local_copy,"The Metropolitan Museum of Art, Open Access",C,catalog_reference,"[""collector"", ""teacher"", ""institution""]","[""collection"", ""honor_commemoration"", ""academic_visit""]","[""traditional"", ""literati"", ""collectible""]","[""heritage"", ""wisdom"", ""remembrance""]",false,馆藏参考，不是销售商品；运输、价格、产能和交付均待真实商家确认。,inactive,2026-07-30.1,true,MVP演示数据｜馆藏参考，不可下单且不参与正式推荐
prod_ref_010,mer_demo_feiyi,heritage_ref_seal,REF-MET-61857,馆藏参考｜青花釉下彩印,Museum reference | Seal,600000,800000,1,,,30,H. 1 3/8 in. (3.5 cm); W. 1 3/8 in. (3.5 cm); D. 3/4 in. (1.9 cm),Porcelain decorated with blue under the glaze and incised seal characters,assets/catalog/products/met-61857.jpg,大都会艺术博物馆开放馆藏：青花釉下彩印,https://www.metmuseum.org/art/collection/search/61857,CC0 1.0 / Public Domain,seal,浙江（印章艺术文化语境）,collector,https://www.metmuseum.org/art/collection/search/61857,https://ich.unesco.org/en/RL/art-of-chinese-seal-engraving-00217,,museum_open_collection,2026-07-30,source_verified,catalog_reference_only,pending_verification,demo_assumption,verified_public_cultural_fact,open_access_local_copy,"The Metropolitan Museum of Art, Open Access",C,catalog_reference,"[""collector"", ""teacher"", ""institution""]","[""collection"", ""honor_commemoration"", ""academic_visit""]","[""traditional"", ""literati"", ""collectible""]","[""heritage"", ""wisdom"", ""remembrance""]",false,馆藏参考，不是销售商品；运输、价格、产能和交付均待真实商家确认。,inactive,2026-07-30.1,true,MVP演示数据｜馆藏参考，不可下单且不参与正式推荐
prod_ref_011,mer_demo_feiyi,heritage_ref_bamboo,REF-MET-76453,馆藏参考｜仙人山水纹竹笔筒,Museum reference | Brush holder decorated with immortals in landscape,20000,30000,1,,,30,H. 6 5/8 in. (16.8 cm); Diam. 4 1/4 in. (10.8 cm); Diam. of rim: 5 3/4 in. (14.6 cm); Diam. of foot: 6 in. (15.2 cm),"Bamboo, wood rim and stand",assets/catalog/products/met-76453.jpg,大都会艺术博物馆开放馆藏：仙人山水纹竹笔筒,https://www.metmuseum.org/art/collection/search/76453,CC0 1.0 / Public Domain,bamboo,中国（馆藏记录未细分）,entry,https://www.metmuseum.org/art/collection/search/76453,https://www.metmuseum.org/art/collection/search/76453,,museum_open_collection,2026-07-30,source_verified,catalog_reference_only,pending_verification,demo_assumption,verified_public_cultural_fact,open_access_local_copy,"The Metropolitan Museum of Art, Open Access",C,catalog_reference,"[""teacher"", ""business_partner"", ""institution""]","[""business_gift"", ""academic_visit"", ""home_display""]","[""natural"", ""literati"", ""traditional""]","[""resilience"", ""wisdom"", ""career""]",false,馆藏参考，不是销售商品；运输、价格、产能和交付均待真实商家确认。,inactive,2026-07-30.1,true,MVP演示数据｜馆藏参考，不可下单且不参与正式推荐
prod_ref_012,mer_demo_feiyi,heritage_ref_bamboo,REF-MET-42158,馆藏参考｜《醉翁亭记》图竹笔筒,Museum reference | Brush holder with scene of “Ode to the Pavilion of the Inebriated Old Man”,50000,80000,1,,,30,H. 7 in. (17.8 cm); D. 6 1/2 in. (16.5 cm),Bamboo with hardwood rim and base,assets/catalog/products/met-42158.jpg,大都会艺术博物馆开放馆藏：《醉翁亭记》图竹笔筒,https://www.metmuseum.org/art/collection/search/42158,CC0 1.0 / Public Domain,bamboo,中国（馆藏记录未细分）,mid,https://www.metmuseum.org/art/collection/search/42158,https://www.metmuseum.org/art/collection/search/42158,,museum_open_collection,2026-07-30,source_verified,catalog_reference_only,pending_verification,demo_assumption,verified_public_cultural_fact,open_access_local_copy,"The Metropolitan Museum of Art, Open Access",C,catalog_reference,"[""teacher"", ""business_partner"", ""institution""]","[""business_gift"", ""academic_visit"", ""home_display""]","[""natural"", ""literati"", ""traditional""]","[""resilience"", ""wisdom"", ""career""]",false,馆藏参考，不是销售商品；运输、价格、产能和交付均待真实商家确认。,inactive,2026-07-30.1,true,MVP演示数据｜馆藏参考，不可下单且不参与正式推荐
prod_ref_013,mer_demo_feiyi,heritage_ref_bamboo,REF-MET-39625,馆藏参考｜《醉翁亭记》图竹笔筒（早期）,Museum reference | Brush holder with scene of “Ode to the Pavilion of the Inebriated Old Man”,120000,180000,1,,,30,H. 5 1/4 in. (13.4 cm),Bamboo,assets/catalog/products/met-39625.jpg,大都会艺术博物馆开放馆藏：《醉翁亭记》图竹笔筒（早期）,https://www.metmuseum.org/art/collection/search/39625,CC0 1.0 / Public Domain,bamboo,中国（馆藏记录未细分）,business,https://www.metmuseum.org/art/collection/search/39625,https://www.metmuseum.org/art/collection/search/39625,,museum_open_collection,2026-07-30,source_verified,catalog_reference_only,pending_verification,demo_assumption,verified_public_cultural_fact,open_access_local_copy,"The Metropolitan Museum of Art, Open Access",C,catalog_reference,"[""teacher"", ""business_partner"", ""institution""]","[""business_gift"", ""academic_visit"", ""home_display""]","[""natural"", ""literati"", ""traditional""]","[""resilience"", ""wisdom"", ""career""]",false,馆藏参考，不是销售商品；运输、价格、产能和交付均待真实商家确认。,inactive,2026-07-30.1,true,MVP演示数据｜馆藏参考，不可下单且不参与正式推荐
prod_ref_014,mer_demo_feiyi,heritage_ref_bamboo,REF-MET-39626,馆藏参考｜山水高士图香筒,Museum reference | Incense holder with scholars in a landscape,300000,450000,1,,,30,Overall (including new wooden ends) H. 7 in. (17.8 cm),Bamboo,assets/catalog/products/met-39626.jpg,大都会艺术博物馆开放馆藏：山水高士图香筒,https://www.metmuseum.org/art/collection/search/39626,CC0 1.0 / Public Domain,bamboo,中国（馆藏记录未细分）,high,https://www.metmuseum.org/art/collection/search/39626,https://www.metmuseum.org/art/collection/search/39626,,museum_open_collection,2026-07-30,source_verified,catalog_reference_only,pending_verification,demo_assumption,verified_public_cultural_fact,open_access_local_copy,"The Metropolitan Museum of Art, Open Access",C,catalog_reference,"[""teacher"", ""business_partner"", ""institution""]","[""business_gift"", ""academic_visit"", ""home_display""]","[""natural"", ""literati"", ""traditional""]","[""resilience"", ""wisdom"", ""career""]",false,馆藏参考，不是销售商品；运输、价格、产能和交付均待真实商家确认。,inactive,2026-07-30.1,true,MVP演示数据｜馆藏参考，不可下单且不参与正式推荐
prod_ref_015,mer_demo_feiyi,heritage_ref_bamboo,REF-MET-39855,馆藏参考｜文会图竹笔筒,Museum reference | Brush Holder with Literary Gathering,600000,800000,1,,,30,H. 6 in. (15.2 cm); Diam. of rim: 6 1/4 in. (15.9 cm); Diam. of foot: 6 3/8 in. (16.2 cm),Silver,assets/catalog/products/met-39855.jpg,大都会艺术博物馆开放馆藏：文会图竹笔筒,https://www.metmuseum.org/art/collection/search/39855,CC0 1.0 / Public Domain,bamboo,中国（馆藏记录未细分）,collector,https://www.metmuseum.org/art/collection/search/39855,https://www.metmuseum.org/art/collection/search/39855,,museum_open_collection,2026-07-30,source_verified,catalog_reference_only,pending_verification,demo_assumption,verified_public_cultural_fact,open_access_local_copy,"The Metropolitan Museum of Art, Open Access",C,catalog_reference,"[""teacher"", ""business_partner"", ""institution""]","[""business_gift"", ""academic_visit"", ""home_display""]","[""natural"", ""literati"", ""traditional""]","[""resilience"", ""wisdom"", ""career""]",false,馆藏参考，不是销售商品；运输、价格、产能和交付均待真实商家确认。,inactive,2026-07-30.1,true,MVP演示数据｜馆藏参考，不可下单且不参与正式推荐
prod_ref_016,mer_demo_feiyi,heritage_ref_tea,REF-MET-47879,馆藏参考｜茶壶,Museum reference | Teapot,20000,30000,1,,,30,H. 4 1/4 in. (10.8 cm),Porcelain painted with cobalt blue under transparent glaze (Jingdezhen ware); European mount,assets/catalog/products/met-47879.jpg,大都会艺术博物馆开放馆藏：茶壶,https://www.metmuseum.org/art/collection/search/47879,CC0 1.0 / Public Domain,tea,福建（茶文化语境，非器物产地声明）,entry,https://www.metmuseum.org/art/collection/search/47879,https://ich.unesco.org/en/RL/traditional-tea-processing-techniques-and-associated-social-practices-in-china-01884?RL=01884,,museum_open_collection,2026-07-30,source_verified,catalog_reference_only,pending_verification,demo_assumption,verified_public_cultural_fact,open_access_local_copy,"The Metropolitan Museum of Art, Open Access",C,catalog_reference,"[""elder"", ""overseas_partner"", ""business_partner""]","[""business_gift"", ""foreign_exchange"", ""housewarming""]","[""elegant"", ""natural"", ""modern_chinese""]","[""harmony"", ""friendship"", ""blessing""]",false,馆藏参考，不是销售商品；运输、价格、产能和交付均待真实商家确认。,inactive,2026-07-30.1,true,MVP演示数据｜馆藏参考，不可下单且不参与正式推荐
prod_ref_017,mer_demo_feiyi,heritage_ref_tea,REF-MET-46792,馆藏参考｜牡丹纹双面茶壶,Museum reference | Double-Sided Teapot with Tree Peonies,50000,80000,1,,,30,H. 6 in. (15.2 cm); W. 5 1/2 in. (14 cm),Porcelain painted with cobalt blue under and colored enamels over transparent glaze (Jingdezhen ware),assets/catalog/products/met-46792.jpg,大都会艺术博物馆开放馆藏：牡丹纹双面茶壶,https://www.metmuseum.org/art/collection/search/46792,CC0 1.0 / Public Domain,tea,浙江（茶文化语境，非器物产地声明）,mid,https://www.metmuseum.org/art/collection/search/46792,https://ich.unesco.org/en/RL/traditional-tea-processing-techniques-and-associated-social-practices-in-china-01884?RL=01884,,museum_open_collection,2026-07-30,source_verified,catalog_reference_only,pending_verification,demo_assumption,verified_public_cultural_fact,open_access_local_copy,"The Metropolitan Museum of Art, Open Access",C,catalog_reference,"[""elder"", ""overseas_partner"", ""business_partner""]","[""business_gift"", ""foreign_exchange"", ""housewarming""]","[""elegant"", ""natural"", ""modern_chinese""]","[""harmony"", ""friendship"", ""blessing""]",false,馆藏参考，不是销售商品；运输、价格、产能和交付均待真实商家确认。,inactive,2026-07-30.1,true,MVP演示数据｜馆藏参考，不可下单且不参与正式推荐
prod_ref_018,mer_demo_feiyi,heritage_ref_tea,REF-MET-51184,馆藏参考｜莲花形茶壶,Museum reference | Teapot in Shape of a Lotus Plant,120000,180000,1,,,30,H. to handle 3 1/2 in. (8.9 cm); W. (max.) 5 3/8 in. (13.7 cm),Porcelain with raised and applied decoration under colored glazes (Jingdezhen ware),assets/catalog/products/met-51184.jpg,大都会艺术博物馆开放馆藏：莲花形茶壶,https://www.metmuseum.org/art/collection/search/51184,CC0 1.0 / Public Domain,tea,广西（茶文化语境，非器物产地声明）,business,https://www.metmuseum.org/art/collection/search/51184,https://ich.unesco.org/en/RL/traditional-tea-processing-techniques-and-associated-social-practices-in-china-01884?RL=01884,,museum_open_collection,2026-07-30,source_verified,catalog_reference_only,pending_verification,demo_assumption,verified_public_cultural_fact,open_access_local_copy,"The Metropolitan Museum of Art, Open Access",C,catalog_reference,"[""elder"", ""overseas_partner"", ""business_partner""]","[""business_gift"", ""foreign_exchange"", ""housewarming""]","[""elegant"", ""natural"", ""modern_chinese""]","[""harmony"", ""friendship"", ""blessing""]",false,馆藏参考，不是销售商品；运输、价格、产能和交付均待真实商家确认。,inactive,2026-07-30.1,true,MVP演示数据｜馆藏参考，不可下单且不参与正式推荐
prod_ref_019,mer_demo_feiyi,heritage_ref_tea,REF-MET-42323,馆藏参考｜梅花形茶壶,Museum reference | Teapot in the Shape of a Plum Blossom,300000,450000,1,,,30,H. 3 3/4 in. (9.5 cm),Stoneware (Yixing ware),assets/catalog/products/met-42323.jpg,大都会艺术博物馆开放馆藏：梅花形茶壶,https://www.metmuseum.org/art/collection/search/42323,CC0 1.0 / Public Domain,tea,云南（茶文化语境，非器物产地声明）,high,https://www.metmuseum.org/art/collection/search/42323,https://ich.unesco.org/en/RL/traditional-tea-processing-techniques-and-associated-social-practices-in-china-01884?RL=01884,,museum_open_collection,2026-07-30,source_verified,catalog_reference_only,pending_verification,demo_assumption,verified_public_cultural_fact,open_access_local_copy,"The Metropolitan Museum of Art, Open Access",C,catalog_reference,"[""elder"", ""overseas_partner"", ""business_partner""]","[""business_gift"", ""foreign_exchange"", ""housewarming""]","[""elegant"", ""natural"", ""modern_chinese""]","[""harmony"", ""friendship"", ""blessing""]",false,馆藏参考，不是销售商品；运输、价格、产能和交付均待真实商家确认。,inactive,2026-07-30.1,true,MVP演示数据｜馆藏参考，不可下单且不参与正式推荐
prod_ref_020,mer_demo_feiyi,heritage_ref_tea,REF-MET-460687,馆藏参考｜茶壶与托碟,Museum reference | Teapot (a) and saucer (b),600000,800000,1,,,30,"Height of pot: 8.2 cm.
Diameter of saucer: 15 cm.","Porcelain with full relief decoration, painted in overglaze enamels.",assets/catalog/products/met-460687.jpg,大都会艺术博物馆开放馆藏：茶壶与托碟,https://www.metmuseum.org/art/collection/search/460687,CC0 1.0 / Public Domain,tea,四川（茶文化语境，非器物产地声明）,collector,https://www.metmuseum.org/art/collection/search/460687,https://ich.unesco.org/en/RL/traditional-tea-processing-techniques-and-associated-social-practices-in-china-01884?RL=01884,,museum_open_collection,2026-07-30,source_verified,catalog_reference_only,pending_verification,demo_assumption,verified_public_cultural_fact,open_access_local_copy,"The Metropolitan Museum of Art, Open Access",C,catalog_reference,"[""elder"", ""overseas_partner"", ""business_partner""]","[""business_gift"", ""foreign_exchange"", ""housewarming""]","[""elegant"", ""natural"", ""modern_chinese""]","[""harmony"", ""friendship"", ""blessing""]",false,馆藏参考，不是销售商品；运输、价格、产能和交付均待真实商家确认。,inactive,2026-07-30.1,true,MVP演示数据｜馆藏参考，不可下单且不参与正式推荐
prod_ref_021,mer_demo_feiyi,heritage_ref_woodblock,REF-MET-712497,馆藏参考｜《水浒传》插图本,Museum reference | The Water Margin,20000,30000,1,,,30,H. 10 1/8 × W. 6 1/2 × D. 2 1/4 in. (25.7 × 16.5 × 5.7 cm),Woodblock-printed book; ink on paper,assets/catalog/products/met-712497.jpg,大都会艺术博物馆开放馆藏：《水浒传》插图本,https://www.metmuseum.org/art/collection/search/712497,CC0 1.0 / Public Domain,woodblock,中国（雕版印刷文化语境）,entry,https://www.metmuseum.org/art/collection/search/712497,https://ich.unesco.org/en/RL/china-engraved-block-printing-technique-00229,,museum_open_collection,2026-07-30,source_verified,catalog_reference_only,pending_verification,demo_assumption,verified_public_cultural_fact,open_access_local_copy,"The Metropolitan Museum of Art, Open Access",C,catalog_reference,"[""overseas_partner"", ""teacher"", ""institution""]","[""foreign_exchange"", ""conference_gift"", ""collection""]","[""regional"", ""literati"", ""collectible""]","[""heritage"", ""wisdom"", ""home_culture""]",false,馆藏参考，不是销售商品；运输、价格、产能和交付均待真实商家确认。,inactive,2026-07-30.1,true,MVP演示数据｜馆藏参考，不可下单且不参与正式推荐
prod_ref_022,mer_demo_feiyi,heritage_ref_woodblock,REF-MET-60764,馆藏参考｜《太平府山水》图册,Museum reference | Landscapes of Taiping Prefecture,50000,80000,1,,,30,H. 8 7/8 in. (22.5 cm); W. 6 in. (15.2 cm); D. 1 in. (2.5 cm),Woodblock-printed book; ink on paper,assets/catalog/products/met-60764.jpg,大都会艺术博物馆开放馆藏：《太平府山水》图册,https://www.metmuseum.org/art/collection/search/60764,CC0 1.0 / Public Domain,woodblock,中国（雕版印刷文化语境）,mid,https://www.metmuseum.org/art/collection/search/60764,https://ich.unesco.org/en/RL/china-engraved-block-printing-technique-00229,,museum_open_collection,2026-07-30,source_verified,catalog_reference_only,pending_verification,demo_assumption,verified_public_cultural_fact,open_access_local_copy,"The Metropolitan Museum of Art, Open Access",C,catalog_reference,"[""overseas_partner"", ""teacher"", ""institution""]","[""foreign_exchange"", ""conference_gift"", ""collection""]","[""regional"", ""literati"", ""collectible""]","[""heritage"", ""wisdom"", ""home_culture""]",false,馆藏参考，不是销售商品；运输、价格、产能和交付均待真实商家确认。,inactive,2026-07-30.1,true,MVP演示数据｜馆藏参考，不可下单且不参与正式推荐
prod_ref_023,mer_demo_feiyi,heritage_ref_woodblock,REF-MET-63375,馆藏参考｜《十竹斋画谱》册页,Museum reference | Page from Ten Bamboo Studio Manual of Painting and Calligraphy,120000,180000,1,,,30,9 1/2 x 10 13/16 in. (24.1 x 27.5 cm),Individual leaf from a woodblock-printed book; ink and color on paper,assets/catalog/products/met-63375.jpg,大都会艺术博物馆开放馆藏：《十竹斋画谱》册页,https://www.metmuseum.org/art/collection/search/63375,CC0 1.0 / Public Domain,woodblock,中国（雕版印刷文化语境）,business,https://www.metmuseum.org/art/collection/search/63375,https://ich.unesco.org/en/RL/china-engraved-block-printing-technique-00229,,museum_open_collection,2026-07-30,source_verified,catalog_reference_only,pending_verification,demo_assumption,verified_public_cultural_fact,open_access_local_copy,"The Metropolitan Museum of Art, Open Access",C,catalog_reference,"[""overseas_partner"", ""teacher"", ""institution""]","[""foreign_exchange"", ""conference_gift"", ""collection""]","[""regional"", ""literati"", ""collectible""]","[""heritage"", ""wisdom"", ""home_culture""]",false,馆藏参考，不是销售商品；运输、价格、产能和交付均待真实商家确认。,inactive,2026-07-30.1,true,MVP演示数据｜馆藏参考，不可下单且不参与正式推荐
prod_ref_024,mer_demo_feiyi,heritage_ref_woodblock,REF-MET-63372,馆藏参考｜《十竹斋画谱》单页,Museum reference | Leaf from the Ten Bamboo Studio Manual of Painting and Calligraphy,300000,450000,1,,,30,9 1/2 x 10 13/16 in. (24.1 x 27.5 cm),Individual leaf from a printed book; ink and color on paper,assets/catalog/products/met-63372.jpg,大都会艺术博物馆开放馆藏：《十竹斋画谱》单页,https://www.metmuseum.org/art/collection/search/63372,CC0 1.0 / Public Domain,woodblock,中国（雕版印刷文化语境）,high,https://www.metmuseum.org/art/collection/search/63372,https://ich.unesco.org/en/RL/china-engraved-block-printing-technique-00229,,museum_open_collection,2026-07-30,source_verified,catalog_reference_only,pending_verification,demo_assumption,verified_public_cultural_fact,open_access_local_copy,"The Metropolitan Museum of Art, Open Access",C,catalog_reference,"[""overseas_partner"", ""teacher"", ""institution""]","[""foreign_exchange"", ""conference_gift"", ""collection""]","[""regional"", ""literati"", ""collectible""]","[""heritage"", ""wisdom"", ""home_culture""]",false,馆藏参考，不是销售商品；运输、价格、产能和交付均待真实商家确认。,inactive,2026-07-30.1,true,MVP演示数据｜馆藏参考，不可下单且不参与正式推荐
prod_ref_025,mer_demo_feiyi,heritage_ref_woodblock,REF-MET-912945,馆藏参考｜内贴《姑苏冬日美人图》木箱,"Museum reference | Wooden chest with print ""Gusu Beauty in Winter"" pasted inside",600000,800000,1,,,30,H. 26 1/8 in. (66.3 cm); W. 23 1/4 in. (59 cm); L. 47 1/4 in. (120 cm),Pinewood (chest); polychrome woodblock print; ink and color on paper,assets/catalog/products/met-912945.jpg,大都会艺术博物馆开放馆藏：内贴《姑苏冬日美人图》木箱,https://www.metmuseum.org/art/collection/search/912945,CC0 1.0 / Public Domain,woodblock,中国（雕版印刷文化语境）,collector,https://www.metmuseum.org/art/collection/search/912945,https://ich.unesco.org/en/RL/china-engraved-block-printing-technique-00229,,museum_open_collection,2026-07-30,source_verified,catalog_reference_only,pending_verification,demo_assumption,verified_public_cultural_fact,open_access_local_copy,"The Metropolitan Museum of Art, Open Access",C,catalog_reference,"[""overseas_partner"", ""teacher"", ""institution""]","[""foreign_exchange"", ""conference_gift"", ""collection""]","[""regional"", ""literati"", ""collectible""]","[""heritage"", ""wisdom"", ""home_culture""]",false,馆藏参考，不是销售商品；运输、价格、产能和交付均待真实商家确认。,inactive,2026-07-30.1,true,MVP演示数据｜馆藏参考，不可下单且不参与正式推荐
prod_ref_026,mer_demo_feiyi,heritage_ref_calligraphy,REF-MET-35993,馆藏参考｜书法折扇册页,Museum reference | Calligraphy,20000,30000,1,,,30,7 3/8 x 21 in. (18.7 x 53.3 cm),Folding fan mounted as an album leaf; ink on paper,assets/catalog/products/met-35993.jpg,大都会艺术博物馆开放馆藏：书法折扇册页,https://www.metmuseum.org/art/collection/search/35993,CC0 1.0 / Public Domain,calligraphy,中国（书法文化语境）,entry,https://www.metmuseum.org/art/collection/search/35993,https://ich.unesco.org/en/RL/chinese-calligraphy-00216,,museum_open_collection,2026-07-30,source_verified,catalog_reference_only,pending_verification,demo_assumption,verified_public_cultural_fact,open_access_local_copy,"The Metropolitan Museum of Art, Open Access",C,catalog_reference,"[""teacher"", ""institution"", ""collector""]","[""academic_visit"", ""honor_commemoration"", ""collection""]","[""literati"", ""elegant"", ""collectible""]","[""wisdom"", ""heritage"", ""career""]",false,馆藏参考，不是销售商品；运输、价格、产能和交付均待真实商家确认。,inactive,2026-07-30.1,true,MVP演示数据｜馆藏参考，不可下单且不参与正式推荐
prod_ref_027,mer_demo_feiyi,heritage_ref_calligraphy,REF-MET-65628,馆藏参考｜为茂叔作书画册,Museum reference | Album of painting and calligraphy for Maoshu,50000,80000,1,,,30,"Image (each leaf, various image sizes): 13 3/4 × 11 1/8 in. (34.9 × 28.3 cm)
Each double leaf: 13 3/4 × 22 1/4 in. (34.9 × 56.5 cm)
Album: 13 3/4 × 11 1/8 × 1 1/4 in. (34.9 × 28.3 × 3.2 cm)",Album of fourteen paintings and facing pages of calligraphy; ink and color on paper,assets/catalog/products/met-65628.jpg,大都会艺术博物馆开放馆藏：为茂叔作书画册,https://www.metmuseum.org/art/collection/search/65628,CC0 1.0 / Public Domain,calligraphy,中国（书法文化语境）,mid,https://www.metmuseum.org/art/collection/search/65628,https://ich.unesco.org/en/RL/chinese-calligraphy-00216,,museum_open_collection,2026-07-30,source_verified,catalog_reference_only,pending_verification,demo_assumption,verified_public_cultural_fact,open_access_local_copy,"The Metropolitan Museum of Art, Open Access",C,catalog_reference,"[""teacher"", ""institution"", ""collector""]","[""academic_visit"", ""honor_commemoration"", ""collection""]","[""literati"", ""elegant"", ""collectible""]","[""wisdom"", ""heritage"", ""career""]",false,馆藏参考，不是销售商品；运输、价格、产能和交付均待真实商家确认。,inactive,2026-07-30.1,true,MVP演示数据｜馆藏参考，不可下单且不参与正式推荐
prod_ref_028,mer_demo_feiyi,heritage_ref_calligraphy,REF-MET-49029,馆藏参考｜清凉山题诗,Museum reference | Poem written on Mount Qingliang,120000,180000,1,,,30,"Image: 11 ft. 6 1/4 in. × 29 1/4 in. (351.2 × 74.3 cm)
Overall with mounting: 14 ft. 1 1/2 in. × 39 in. (430.5 × 99.1 cm)
Overall with knobs: 14 ft. 1 1/2 in. × 43 1/2 in. (430.5 × 110.5 cm)",Hanging scroll; ink on paper,assets/catalog/products/met-49029.jpg,大都会艺术博物馆开放馆藏：清凉山题诗,https://www.metmuseum.org/art/collection/search/49029,CC0 1.0 / Public Domain,calligraphy,中国（书法文化语境）,business,https://www.metmuseum.org/art/collection/search/49029,https://ich.unesco.org/en/RL/chinese-calligraphy-00216,,museum_open_collection,2026-07-30,source_verified,catalog_reference_only,pending_verification,demo_assumption,verified_public_cultural_fact,open_access_local_copy,"The Metropolitan Museum of Art, Open Access",C,catalog_reference,"[""teacher"", ""institution"", ""collector""]","[""academic_visit"", ""honor_commemoration"", ""collection""]","[""literati"", ""elegant"", ""collectible""]","[""wisdom"", ""heritage"", ""career""]",false,馆藏参考，不是销售商品；运输、价格、产能和交付均待真实商家确认。,inactive,2026-07-30.1,true,MVP演示数据｜馆藏参考，不可下单且不参与正式推荐
prod_ref_029,mer_demo_feiyi,heritage_ref_calligraphy,REF-MET-65630,馆藏参考｜隶书格言,Museum reference | Poetic maxim in clerical script,300000,450000,1,,,30,"Image: 45 1/2 × 17 3/4 in. (115.6 × 45.1 cm)
Overall with mounting: 97 3/4 × 25 1/2 in. (248.3 × 64.8 cm)
Overall with knobs: 97 3/4 × 29 1/4 in. (248.3 × 74.3 cm)",Hanging scroll; ink on paper,assets/catalog/products/met-65630.jpg,大都会艺术博物馆开放馆藏：隶书格言,https://www.metmuseum.org/art/collection/search/65630,CC0 1.0 / Public Domain,calligraphy,中国（书法文化语境）,high,https://www.metmuseum.org/art/collection/search/65630,https://ich.unesco.org/en/RL/chinese-calligraphy-00216,,museum_open_collection,2026-07-30,source_verified,catalog_reference_only,pending_verification,demo_assumption,verified_public_cultural_fact,open_access_local_copy,"The Metropolitan Museum of Art, Open Access",C,catalog_reference,"[""teacher"", ""institution"", ""collector""]","[""academic_visit"", ""honor_commemoration"", ""collection""]","[""literati"", ""elegant"", ""collectible""]","[""wisdom"", ""heritage"", ""career""]",false,馆藏参考，不是销售商品；运输、价格、产能和交付均待真实商家确认。,inactive,2026-07-30.1,true,MVP演示数据｜馆藏参考，不可下单且不参与正式推荐
prod_ref_030,mer_demo_feiyi,heritage_ref_calligraphy,REF-MET-51784,馆藏参考｜“福”字书法,"Museum reference | Calligraphy: ""Happiness""",600000,800000,1,,,30,45 x 24 1/2 in. (114.3 x 62.2 cm),Hanging scroll; ink on gold-flecked paper,assets/catalog/products/met-51784.jpg,大都会艺术博物馆开放馆藏：“福”字书法,https://www.metmuseum.org/art/collection/search/51784,CC0 1.0 / Public Domain,calligraphy,中国（书法文化语境）,collector,https://www.metmuseum.org/art/collection/search/51784,https://ich.unesco.org/en/RL/chinese-calligraphy-00216,,museum_open_collection,2026-07-30,source_verified,catalog_reference_only,pending_verification,demo_assumption,verified_public_cultural_fact,open_access_local_copy,"The Metropolitan Museum of Art, Open Access",C,catalog_reference,"[""teacher"", ""institution"", ""collector""]","[""academic_visit"", ""honor_commemoration"", ""collection""]","[""literati"", ""elegant"", ""collectible""]","[""wisdom"", ""heritage"", ""career""]",false,馆藏参考，不是销售商品；运输、价格、产能和交付均待真实商家确认。,inactive,2026-07-30.1,true,MVP演示数据｜馆藏参考，不可下单且不参与正式推荐
prod_wuhu_iron_guo_dashi,mer_demo_feiyi,heritage_wuhu_iron,HL-IRON-001,《国大师》芜湖铁画,Guo Dashi Wuhu Iron Painting,380000,760000,1,10,20,45,方案规格约 45 × 60 厘米（含框）；实际尺寸待手艺人确认,锻制铁艺主体，浅色衬底与木质外框；具体材质与工序待手艺人确认,assets/catalog/products/guo-dashi-wuhu-iron-painting.png,装裱在浅绿色画框中的芜湖铁画，黑色铁艺塑造出花藤下昂首而立的雄鸡。,https://www.ihchina.cn/project_details/13740/,partner_supplied_photo,iron_painting,中国安徽芜湖,high,https://www.ihchina.cn/project_details/13740/,https://www.ihchina.cn/project_details/13740/,,national_ich_registry,2026-08-18,craft_verified_object_unverified,needs_verification,pending_verification,demo_assumption,verified_public_cultural_fact,processed_photograph,合作方提供，经后期处理,C,recommendation_demo,"[""business_partner"",""institution"",""collector""]","[""business_gift"",""commemoration"",""exhibition""]","[""traditional"",""grand"",""elegant""]","[""heritage"",""resilience""]",false,尺寸与重量较大，国际运输方案、包装与费用均待供应方确认。,active,2026-08-18.1,true,MVP演示数据；作品信息核验中，收藏机构、藏品编号与作者尚未确认
